time_ms,roll_cdeg,pitch_cdeg,yaw_cdeg,alt_mm,top_pwm,bottom_pwm,roll_pwm,pitch_pwm,motors_enabled,uart_rx_errors,uart_rx_overflows,uart_bad_lines,telemetry_overrun,stop_reason
20,0,12,0,0,700,700,1125,1125,1,0,0,0,0,4
40,0,12,0,0,700,700,1125,1125,1,0,0,0,0,4
60,0,12,0,337,1050,1050,1125,1225,1,0,0,0,0,4
80,0,12,0,337,1050,1050,1125,1225,1,0,0,0,0,4
100,0,12,0,337,1050,1050,1125,1225,1,0,0,0,0,4
120,0,12,0,336,1050,1050,1125,1225,1,0,0,0,0,4
140,0,18,0,336,1050,1050,1125,1225,1,0,0,0,0,4
160,0,12,0,336,1050,1050,1125,1225,1,0,0,0,0,4
180,0,12,0,334,1050,1050,1125,1225,1,0,0,0,0,4
200,0,12,0,334,1050,1050,1125,1225,1,0,0,0,0,4
220,0,12,0,334,1050,1050,1125,1225,1,0,0,0,0,4
240,0,12,6,334,1050,1050,1125,1225,1,0,0,0,0,4
260,0,12,6,334,1050,1050,1125,1225,1,0,0,0,0,4
280,0,18,12,333,1050,1050,1125,1225,1,0,0,0,0,4
300,0,18,12,333,1050,1050,1125,1225,1,0,0,0,0,4
320,0,18,12,334,1050,1050,1125,1225,1,0,0,0,0,4
340,0,18,12,336,1050,1050,1125,1225,1,0,0,0,0,4
360,0,18,12,336,1050,1050,1125,1225,1,0,0,0,0,4
380,6,18,12,336,1050,1050,1125,1225,1,0,0,0,0,4
400,6,25,12,336,1050,1050,1125,1225,1,0,0,0,0,4
420,6,25,12,335,1050,1050,1125,1225,1,0,0,0,0,4
440,12,25,18,334,1050,1050,1125,1225,1,0,0,0,0,4
460,12,25,18,334,1050,1050,1125,1225,1,0,0,0,0,4
480,12,31,18,333,1050,1050,1125,1225,1,0,0,0,0,4
500,12,31,18,333,1050,1050,1125,1225,1,0,0,0,0,4
520,18,31,18,333,1050,1050,1125,1225,1,0,0,0,0,4
540,18,31,12,331,1050,1050,1125,1125,1,0,0,0,0,4
560,18,37,12,331,1050,1050,1125,1125,1,0,0,0,0,4
580,18,37,6,331,1050,1050,1125,1125,1,0,0,0,0,4
600,25,37,0,330,1050,1050,1125,1125,1,0,0,0,0,4
620,25,37,0,330,1050,1050,1125,1125,1,0,0,0,0,4
640,25,37,6,330,1050,1050,1125,1125,1,0,0,0,0,4
660,25,37,6,330,1050,1050,1125,1125,1,0,0,0,0,4
680,25,37,12,331,1050,1050,1125,1125,1,0,0,0,0,4
700,18,37,12,332,1050,1050,1125,1125,1,0,0,0,0,4
720,18,37,12,332,1050,1050,1125,1125,1,0,0,0,0,4
740,18,37,12,333,1050,1050,1125,1125,1,0,0,0,0,4
760,18,37,12,333,1050,1050,1125,1125,1,0,0,0,0,4
780,18,37,-6,333,1050,1050,1125,1125,1,0,0,0,0,4
800,12,37,-25,334,1050,1050,1125,1125,1,0,0,0,0,4
820,12,37,-25,334,1050,1050,1125,1125,1,0,0,0,0,4
840,6,37,-12,334,1050,1050,1125,1125,1,0,0,0,0,4
860,6,37,-12,334,1050,1050,1125,1125,1,0,0,0,0,4
880,0,37,12,334,1050,1050,1125,1125,1,0,0,0,0,4
900,0,37,25,334,1050,1050,1125,1125,1,0,0,0,0,4
920,0,37,25,334,1050,1050,1125,1125,1,0,0,0,0,4
940,-6,37,0,334,1050,1050,1125,1125,1,0,0,0,0,4
960,-6,37,0,334,1050,1050,1125,1125,1,0,0,0,0,4
980,-6,43,-25,334,1050,1050,1125,1125,1,0,0,0,0,4
1000,-6,43,-12,336,1050,1050,1125,1125,1,0,0,0,0,4
1020,-6,43,-12,336,1050,1050,1125,1125,1,0,0,0,0,4
1040,0,43,12,333,1050,1050,1125,1125,1,0,0,0,0,4
1060,0,50,31,335,1050,1050,1125,1125,1,0,0,0,0,4
1080,0,50,31,335,1050,1050,1125,1125,1,0,0,0,0,4
1100,0,50,12,335,1050,1050,1125,1125,1,0,0,0,0,4
1120,0,50,12,335,1050,1050,1125,1125,1,0,0,0,0,4
1140,6,56,-6,335,1050,1050,1125,1125,1,0,0,0,0,4
1160,12,56,-6,335,1050,1050,1125,1125,1,0,0,0,0,4
1180,12,56,-6,335,1050,1050,1125,1125,1,0,0,0,0,4
1200,12,56,18,333,1050,1050,1125,1125,1,0,0,0,0,4
1220,12,56,18,333,1050,1050,1125,1125,1,0,0,0,0,4
1240,6,56,25,334,1050,1050,1125,1125,1,0,0,0,0,4
1260,0,62,6,333,1050,1050,1125,1125,1,0,0,0,0,4
1280,0,62,6,333,1050,1050,1125,1125,1,0,0,0,0,4
1300,-6,62,-18,333,1050,1050,1125,1125,1,0,0,0,0,4
1320,-12,62,-25,333,1050,1050,1125,1125,1,0,0,0,0,4
1340,-31,62,-31,333,1050,1050,1125,1125,1,0,0,0,0,4
1360,-50,56,0,336,1050,1050,1125,1125,1,0,0,0,0,4
1380,-50,56,0,336,1050,1050,1125,1125,1,0,0,0,0,4
1400,-68,56,25,336,1050,1050,1125,1125,1,0,0,0,0,4
1420,-75,50,25,336,1050,1050,1125,1125,1,0,0,0,0,4
1440,-87,56,18,338,1050,1050,1125,1125,1,0,0,0,0,4
1460,-112,56,-31,338,1050,1050,1125,1125,1,0,0,0,0,4
1480,-112,56,-31,338,1050,1050,1125,1125,1,0,0,0,0,4
1500,-131,56,-50,338,1050,1050,1125,1125,1,0,0,0,0,4
1520,-150,50,-31,340,1050,1050,1125,1125,1,0,0,0,0,4
1540,-150,50,-31,340,1050,1050,1125,1125,1,0,0,0,0,4
1560,-181,43,-6,341,1050,1050,1125,1125,1,0,0,0,0,4
1580,-181,43,-6,341,1050,1050,1125,1125,1,0,0,0,0,4
1600,-193,43,-6,341,1050,1050,1125,1125,1,0,0,0,0,4
1620,-206,43,-25,341,1050,1050,1125,1125,1,0,0,0,0,4
1640,-206,43,-25,341,1050,1050,1125,1125,1,0,0,0,0,4
1660,-218,37,-43,344,1050,1050,1125,1125,1,0,0,0,0,4
1680,-218,37,-50,344,1050,1050,1125,1125,1,0,0,0,0,4
1700,-225,37,-50,343,1050,1050,1125,1125,1,0,0,0,0,4
1720,-231,31,-37,345,1050,1050,1125,1125,1,0,0,0,0,4
1740,-231,31,-37,345,1050,1050,1125,1125,1,0,0,0,0,4
1760,-231,25,-31,343,1050,1050,1125,1125,1,0,0,0,0,4
1780,-231,18,-31,343,1050,1050,1125,1125,1,0,0,0,0,4
1800,-225,18,-43,343,1050,1050,1125,1125,1,0,0,0,0,4
1820,-218,6,-50,343,1050,1050,1125,1125,1,0,0,0,0,4
1840,-218,6,-50,343,1050,1050,1125,1125,1,0,0,0,0,4
1860,-206,0,-43,343,1050,1050,1125,1125,1,0,0,0,0,4
1880,-200,-6,-37,343,1050,1050,1125,1125,1,0,0,0,0,4
1900,-193,-6,-37,343,1050,1050,1125,1125,1,0,0,0,0,4
1920,-181,-18,-37,343,1050,1050,1125,1125,1,0,0,0,0,4
1940,-175,-18,-37,343,1050,1050,1125,1125,1,0,0,0,0,4
1960,-162,-25,-37,339,1050,1050,1125,1125,1,0,0,0,0,4
1980,-156,-37,-37,339,1050,1050,1125,1125,1,0,0,0,0,4
2000,-156,-37,-37,339,1050,1050,1125,1125,1,0,0,0,0,4
2020,-143,-43,-37,339,1050,1050,1125,1125,1,0,0,0,0,4
2040,-143,-43,-37,339,1050,1050,1125,1125,1,0,0,0,0,4
2060,-137,-50,-31,339,1050,1050,1125,1225,1,0,0,0,0,4
2080,-125,-62,-31,338,1050,1050,1125,1225,1,0,0,0,0,4
2100,-125,-62,-31,338,1050,1050,1125,1225,1,0,0,0,0,4
2120,-125,-62,-37,338,1050,1050,1125,1225,1,0,0,0,0,4
2140,-125,-62,-37,338,1050,1050,1125,1225,1,0,0,0,0,4
2160,-125,-68,-37,338,1050,1050,1125,1225,1,0,0,0,0,4
2180,-125,-75,-37,338,1050,1050,1125,1225,1,0,0,0,0,4
2200,-125,-75,-37,338,1050,1050,1125,1225,1,0,0,0,0,4
2220,-125,-87,-37,338,1050,1050,1125,1225,1,0,0,0,0,4
2240,-125,-87,-37,338,1050,1050,1125,1225,1,0,0,0,0,4
2260,-118,-100,-31,336,1050,1050,1125,1225,1,0,0,0,0,4
2280,-118,-106,-37,338,1050,1050,1125,1225,1,0,0,0,0,4
2300,-118,-106,-37,338,1050,1050,1125,1225,1,0,0,0,0,4
2320,-112,-118,-50,336,1050,1050,1125,1225,1,0,0,0,0,4
2340,-112,-118,-50,336,1050,1050,1125,1225,1,0,0,0,0,4
2360,-106,-131,-62,338,1050,1050,1125,1225,1,0,0,0,0,4
2380,-93,-143,-56,336,1050,1050,1125,1225,1,0,0,0,0,4
2400,-93,-143,-56,336,1050,1050,1125,1225,1,0,0,0,0,4
2420,-87,-156,-43,336,1050,1050,1125,1225,1,0,0,0,0,4
2440,-87,-162,-37,336,1050,1050,1125,1225,1,0,0,0,0,4
2460,-75,-168,-31,335,1050,1050,1125,1225,1,0,0,0,0,4
2480,-75,-175,-37,334,1050,1050,1125,1225,1,0,0,0,0,4
2500,-75,-175,-37,334,1050,1050,1125,1225,1,0,0,0,0,4
2520,-68,-181,-56,334,1050,1050,1125,1225,1,0,0,0,0,4
2540,-62,-181,-56,334,1050,1050,1125,1225,1,0,0,0,0,4
2560,-62,-187,-62,333,1050,1050,1125,1075,1,0,0,0,0,4
2580,-56,-193,-56,334,1050,1050,1125,1075,1,0,0,0,0,4
2600,-56,-193,-56,334,1050,1050,1125,1075,1,0,0,0,0,4
2620,-62,-193,-56,336,1050,1050,1125,1075,1,0,0,0,0,4
2640,-62,-193,-56,336,1050,1050,1125,1075,1,0,0,0,0,4
2660,-62,-193,-56,336,1050,1050,1125,1075,1,0,0,0,0,4
2680,-68,-187,-50,336,1050,1050,1125,1075,1,0,0,0,0,4
2700,-68,-187,-50,336,1050,1050,1125,1075,1,0,0,0,0,4
2720,-75,-181,-50,336,1050,1050,1125,1075,1,0,0,0,0,4
2740,-75,-162,-62,336,1050,1050,1125,1075,1,0,0,0,0,4
2760,-75,-162,-62,336,1050,1050,1125,1075,1,0,0,0,0,4
2780,-81,-150,-56,336,1050,1050,1125,1075,1,0,0,0,0,4
2800,-81,-150,-56,336,1050,1050,1125,1075,1,0,0,0,0,4
2820,-87,-137,-50,337,1050,1050,1125,1075,1,0,0,0,0,4
2840,-100,-112,-31,336,1050,1050,1125,1075,1,0,0,0,0,4
2860,-100,-112,-31,336,1050,1050,1125,1075,1,0,0,0,0,4
2880,-106,-93,-31,336,1050,1050,1125,1075,1,0,0,0,0,4
2900,-106,-68,-43,336,1050,1050,1125,1075,1,0,0,0,0,4
2920,-106,-68,-43,336,1050,1050,1125,1075,1,0,0,0,0,4
2940,-106,-43,-50,338,1050,1050,1125,1075,1,0,0,0,0,4
2960,-106,-37,-43,338,1050,1050,1125,1075,1,0,0,0,0,4
2980,-106,-12,-31,340,1050,1050,1125,1075,1,0,0,0,0,4
3000,-112,6,-12,338,1050,1050,1125,1075,1,0,0,0,0,4
3020,-112,6,-12,338,1050,1050,1125,1075,1,0,0,0,0,4
3040,-112,31,-12,337,1050,1050,1125,1225,1,0,0,0,0,4
3060,-118,37,-12,337,1050,1050,1125,1225,1,0,0,0,0,4
3080,-118,50,-12,337,1050,1050,1125,1225,1,0,0,0,0,4
3100,-125,81,-12,339,1050,1050,1125,1225,1,0,0,0,0,4
3120,-125,81,-12,339,1050,1050,1125,1225,1,0,0,0,0,4
3140,-131,100,-6,343,1050,1050,1125,1225,1,0,0,0,0,4
3160,-131,106,-6,343,1050,1050,1125,1225,1,0,0,0,0,4
3180,-137,112,-6,343,1050,1050,1125,1225,1,0,0,0,0,4
3200,-150,125,-12,342,1050,1050,1125,1225,1,0,0,0,0,4
3220,-150,125,-12,342,1050,1050,1125,1225,1,0,0,0,0,4
3240,-175,131,-25,342,1050,1050,1125,1225,1,0,0,0,0,4
3260,-175,131,-25,342,1050,1050,1125,1225,1,0,0,0,0,4
3280,-193,131,-31,343,1050,1050,1125,1225,1,0,0,0,0,4
3300,-225,125,-25,347,1050,1050,1125,1225,1,0,0,0,0,4
3320,-231,125,-25,347,1050,1050,1125,1225,1,0,0,0,0,4
3340,-262,112,-25,348,1050,1050,1125,1225,1,0,0,0,0,4
3360,-300,100,-31,349,1050,1050,1125,1225,1,0,0,0,0,4
3380,-300,100,-31,349,1050,1050,1125,1225,1,0,0,0,0,4
3400,-331,81,-50,348,1050,1050,1125,1225,1,0,0,0,0,4
3420,-331,81,-50,348,1050,1050,1125,1225,1,0,0,0,0,4
3440,-362,56,-68,350,1050,1050,1125,1225,1,0,0,0,0,4
3460,-375,50,-75,350,1050,1050,1125,1225,1,0,0,0,0,4
3480,-418,18,-87,354,1050,1050,1125,1225,1,0,0,0,0,4
3500,-456,-18,-100,356,1050,1050,1125,1225,1,0,0,0,0,4
3520,-456,-18,-100,356,1050,1050,1125,1225,1,0,0,0,0,4
3540,-500,-56,-112,356,1050,1050,1125,1225,1,0,0,0,0,4
3560,-537,-93,-137,358,1050,1050,1125,1025,1,0,0,0,0,4
3580,-537,-93,-137,358,1050,1050,1125,1025,1,0,0,0,0,4
3600,-581,-156,-175,358,1050,1050,1125,1025,1,0,0,0,0,4
3620,-581,-156,-175,358,1050,1050,1125,1025,1,0,0,0,0,4
3640,-618,-200,-200,360,1050,1050,1125,1025,1,0,0,0,0,4
3660,-650,-243,-225,363,1050,1050,1125,1025,1,0,0,0,0,4
3680,-650,-243,-225,363,1050,1050,1125,1025,1,0,0,0,0,4
3700,-675,-287,-243,364,1050,1050,1125,1025,1,0,0,0,0,4
3720,-687,-300,-250,364,1050,1050,1125,1025,1,0,0,0,0,4
3740,-712,-337,-275,365,1050,1050,1125,1025,1,0,0,0,0,4
3760,-737,-368,-318,366,1050,1050,1125,1025,1,0,0,0,0,4
3780,-737,-368,-318,366,1050,1050,1125,1025,1,0,0,0,0,4
3800,-768,-387,-331,368,1050,1050,1125,1025,1,0,0,0,0,4
3820,-806,-406,-350,369,1050,1050,1125,1025,1,0,0,0,0,4
3840,-806,-406,-350,369,1050,1050,1125,1025,1,0,0,0,0,4
3860,-862,-412,-325,370,1050,1050,1125,1025,1,0,0,0,0,4
3880,-862,-412,-325,370,1050,1050,1125,1025,1,0,0,0,0,4
3900,-887,-406,-293,370,1050,1050,1125,1025,1,0,0,0,0,4
3920,-900,-387,-281,370,1050,1050,1125,1025,1,0,0,0,0,4
3940,-900,-387,-281,370,1050,1050,1125,1025,1,0,0,0,0,4
3960,-893,-350,-287,371,1050,1050,1125,1025,1,0,0,0,0,4
3980,-887,-337,-287,371,1050,1050,1125,1025,1,0,0,0,0,4
4000,-856,-293,-281,371,1050,1050,1125,1025,1,0,0,0,0,4
4020,-818,-243,-250,371,1050,1050,1125,1025,1,0,0,0,0,4
4040,-818,-243,-250,371,1050,1050,1125,1025,1,0,0,0,0,4
4060,-762,-193,-200,371,1050,1050,1125,1225,1,0,0,0,0,4
4080,-743,-175,-181,371,1050,1050,1125,1225,1,0,0,0,0,4
4100,-700,-137,-143,366,1050,1050,1125,1225,1,0,0,0,0,4
4120,-587,-62,-93,365,1050,1050,1125,1225,1,0,0,0,0,4
4140,-587,-62,-93,365,1050,1050,1125,1225,1,0,0,0,0,4
4160,-500,-6,-75,361,1050,1050,1125,1225,1,0,0,0,0,4
4180,-468,12,-68,361,1050,1050,1125,1225,1,0,0,0,0,4
4200,-400,43,-50,359,1050,1050,1125,1225,1,0,0,0,0,4
4220,-306,93,-25,355,1050,1050,1125,1225,1,0,0,0,0,4
4240,-268,106,-12,355,1050,1050,1125,1225,1,0,0,0,0,4
4260,-168,143,25,349,1050,1050,1125,1225,1,0,0,0,0,4
4280,-75,175,43,345,1050,1050,1125,1225,1,0,0,0,0,4
4300,-75,175,43,345,1050,1050,1125,1225,1,0,0,0,0,4
4320,12,200,50,344,1050,1050,1125,1225,1,0,0,0,0,4
4340,12,200,50,344,1050,1050,1125,1225,1,0,0,0,0,4
4360,125,218,50,343,1050,1050,1125,1225,1,0,0,0,0,4
4380,187,225,62,339,1050,1050,1125,1225,1,0,0,0,0,4
4400,187,225,62,339,1050,1050,1125,1225,1,0,0,0,0,4
4420,237,218,81,338,1050,1050,1125,1225,1,0,0,0,0,4
4440,237,218,81,338,1050,1050,1125,1225,1,0,0,0,0,4
4460,275,206,87,336,1050,1050,1125,1225,1,0,0,0,0,4
4480,293,175,68,335,1050,1050,1125,1225,1,0,0,0,0,4
4500,293,175,68,335,1050,1050,1125,1225,1,0,0,0,0,4
4520,287,137,43,335,1050,1050,1125,1225,1,0,0,0,0,4
4540,287,137,43,335,1050,1050,1125,1225,1,0,0,0,0,4
4560,268,100,31,334,1050,1050,1125,1225,1,0,0,0,0,4
4580,243,50,50,334,1050,1050,1125,1025,1,0,0,0,0,4
4600,243,50,50,334,1050,1050,1125,1025,1,0,0,0,0,4
4620,181,-18,81,333,1050,1050,1125,1025,1,0,0,0,0,4
4640,181,-18,81,333,1050,1050,1125,1025,1,0,0,0,0,4
4660,125,-81,62,333,1050,1050,1125,1025,1,0,0,0,0,4
4680,56,-137,12,330,1050,1050,1125,1025,1,0,0,0,0,4
4700,56,-137,12,330,1050,1050,1125,1025,1,0,0,0,0,4
4720,-18,-187,-43,330,1050,1050,1125,1025,1,0,0,0,0,4
4740,-112,-262,-87,332,1050,1050,1125,1025,1,0,0,0,0,4
4760,-112,-262,-87,332,1050,1050,1125,1025,1,0,0,0,0,4
4780,-193,-312,-87,332,1050,1050,1125,1025,1,0,0,0,0,4
4800,-193,-312,-87,332,1050,1050,1125,1025,1,0,0,0,0,4
4820,-268,-356,-100,339,1050,1050,1125,1025,1,0,0,0,0,4
4840,-337,-393,-131,345,1050,1050,1125,1025,1,0,0,0,0,4
4860,-337,-393,-131,345,1050,1050,1125,1025,1,0,0,0,0,4
4880,-400,-418,-175,345,1050,1050,1125,1025,1,0,0,0,0,4
4900,-418,-425,-187,345,1050,1050,1125,1025,1,0,0,0,0,4
4920,-462,-437,-218,352,1050,1050,1125,1025,1,0,0,0,0,4
4940,-500,-437,-231,354,1050,1050,1125,1025,1,0,0,0,0,4
4960,-500,-437,-231,354,1050,1050,1125,1025,1,0,0,0,0,4
4980,-525,-431,-231,355,1050,1050,1125,1025,1,0,0,0,0,4
5000,-531,-425,-225,355,1050,1050,1125,1025,1,0,0,0,0,4
5020,-543,-406,-218,356,1050,1050,1125,1025,1,0,0,0,0,4
5040,-550,-381,-225,357,1050,1050,1125,1025,1,0,0,0,0,4
5060,-550,-381,-225,357,1050,1050,1125,1025,1,0,0,0,0,4
5080,-550,-350,-231,361,1050,1050,1125,1175,1,0,0,0,0,4
5100,-550,-337,-231,361,1050,1050,1125,1175,1,0,0,0,0,4
5120,-550,-312,-212,361,1050,1050,1125,1175,1,0,0,0,0,4
5140,-543,-256,-150,361,1050,1050,1125,1175,1,0,0,0,0,4
5160,-543,-256,-150,361,1050,1050,1125,1175,1,0,0,0,0,4
5180,-531,-206,-118,359,1050,1050,1125,1175,1,0,0,0,0,4
5200,-506,-156,-106,358,1050,1050,1125,1175,1,0,0,0,0,4
5220,-506,-156,-106,358,1050,1050,1125,1175,1,0,0,0,0,4
5240,-487,-106,-112,358,1050,1050,1125,1175,1,0,0,0,0,4
5260,-475,-87,-112,358,1050,1050,1125,1175,1,0,0,0,0,4
5280,-450,-43,-100,357,1050,1050,1125,1175,1,0,0,0,0,4
5300,-425,0,-68,356,1050,1050,1125,1175,1,0,0,0,0,4
5320,-425,0,-68,356,1050,1050,1125,1175,1,0,0,0,0,4
5340,-406,37,-25,356,1050,1050,1125,1175,1,0,0,0,0,4
5360,-393,50,-18,356,1050,1050,1125,1175,1,0,0,0,0,4
5380,-368,87,0,356,1050,1050,1125,1175,1,0,0,0,0,4
5400,-343,118,-6,354,1050,1050,1125,1175,1,0,0,0,0,4
5420,-343,118,-6,354,1050,1050,1125,1175,1,0,0,0,0,4
5440,-318,143,-18,353,1050,1050,1125,1175,1,0,0,0,0,4
5460,-312,150,-18,353,1050,1050,1125,1175,1,0,0,0,0,4
5480,-300,162,-12,354,1050,1050,1125,1175,1,0,0,0,0,4
5500,-275,175,6,353,1050,1050,1125,1175,1,0,0,0,0,4
5520,-275,175,6,353,1050,1050,1125,1175,1,0,0,0,0,4
5540,-262,181,12,353,1050,1050,1125,1175,1,0,0,0,0,4
5560,-256,175,12,353,1050,1050,1125,1175,1,0,0,0,0,4
5580,-250,175,0,352,1050,1050,1125,1025,1,0,0,0,0,4
5600,-250,162,-18,352,1050,1050,1125,1025,1,0,0,0,0,4
5620,-250,156,-25,352,1050,1050,1125,1025,1,0,0,0,0,4
5640,-250,137,-31,352,1050,1050,1125,1025,1,0,0,0,0,4
5660,-250,125,-31,352,1050,1050,1125,1025,1,0,0,0,0,4
5680,-256,106,-12,352,1050,1050,1125,1025,1,0,0,0,0,4
5700,-256,100,-6,352,1050,1050,1125,1025,1,0,0,0,0,4
5720,-262,75,12,352,1050,1050,1125,1025,1,0,0,0,0,4
5740,-268,56,12,352,1050,1050,1125,1025,1,0,0,0,0,4
5760,-275,43,6,352,1050,1050,1125,1025,1,0,0,0,0,4
5780,-281,18,-18,352,1050,1050,1125,1025,1,0,0,0,0,4
5800,-287,6,-43,352,1050,1050,1125,1025,1,0,0,0,0,4
5820,-293,-12,-62,352,1050,1050,1125,1025,1,0,0,0,0,4
5840,-306,-31,-68,352,1050,1050,1125,1025,1,0,0,0,0,4
5860,-312,-50,-68,352,1050,1050,1125,1025,1,0,0,0,0,4
5880,-318,-68,-56,352,1050,1050,1125,1025,1,0,0,0,0,4
5900,-331,-87,-56,352,1050,1050,1125,1025,1,0,0,0,0,4
5920,-337,-106,-56,352,1050,1050,1125,1025,1,0,0,0,0,4
5940,-343,-118,-62,352,1050,1050,1125,1025,1,0,0,0,0,4
5960,-356,-131,-75,352,1050,1050,1125,1025,1,0,0,0,0,4
5980,-356,-137,-87,352,1050,1050,1125,1025,1,0,0,0,0,4
6000,-362,-150,-93,352,1050,1050,1125,1025,1,0,0,0,0,4
6020,-362,-156,-93,352,1050,1050,1125,1025,1,0,0,0,0,4
6040,-356,-162,-93,352,1050,1050,1125,1025,1,0,0,0,0,4
6060,-356,-168,-87,352,1050,1050,1125,1025,1,0,0,0,0,4
6080,-356,-168,-87,352,1050,1050,1125,1025,1,0,0,0,0,4
6100,-350,-168,-81,352,1050,1050,1125,1025,1,0,0,0,0,4
6120,-343,-168,-81,352,1050,1050,1125,1025,1,0,0,0,0,4
6140,-331,-168,-81,352,1050,1050,1125,1025,1,0,0,0,0,4
6160,-325,-162,-87,352,1050,1050,1125,1025,1,0,0,0,0,4
6180,-312,-156,-87,352,1050,1050,1125,1025,1,0,0,0,0,4
6200,-300,-150,-81,352,1050,1050,1125,1025,1,0,0,0,0,4
6220,-287,-143,-75,352,1050,1050,1125,1025,1,0,0,0,0,4
6240,-281,-131,-62,352,1050,1050,1125,1025,1,0,0,0,0,4
6260,-268,-125,-56,352,1050,1050,1125,1025,1,0,0,0,0,4
6280,-256,-112,-50,352,1050,1050,1125,1025,1,0,0,0,0,4
6300,-250,-100,-50,352,1050,1050,1125,1025,1,0,0,0,0,4
6320,-237,-87,-56,352,1050,1050,1125,1025,1,0,0,0,0,4
6340,-231,-75,-62,352,1050,1050,1125,1025,1,0,0,0,0,4
6360,-225,-62,-68,352,1050,1050,1125,1025,1,0,0,0,0,4
6380,-225,-50,-68,352,1050,1050,1125,1025,1,0,0,0,0,4
6400,-231,-37,-62,352,1050,1050,1125,1025,1,0,0,0,0,4
6420,-231,-25,-56,352,1050,1050,1125,1025,1,0,0,0,0,4
6440,-237,-18,-37,352,1050,1050,1125,1025,1,0,0,0,0,4
6460,-250,-6,-18,352,1050,1050,1125,1025,1,0,0,0,0,4
6480,-256,6,-6,352,1050,1050,1125,1025,1,0,0,0,0,4
6500,-268,12,0,352,1050,1050,1125,1025,1,0,0,0,0,4
6520,-281,25,-6,352,1050,1050,1125,1025,1,0,0,0,0,4
6540,-293,43,-25,352,1050,1050,1125,1025,1,0,0,0,0,4
6560,-306,50,-31,352,1050,1050,1125,1025,1,0,0,0,0,4
6580,-312,56,-37,352,1050,1050,1125,1025,1,0,0,0,0,4
6600,-325,62,-37,352,1050,1050,1125,1175,1,0,0,0,0,4
6620,-337,68,-31,352,1050,1050,1125,1175,1,0,0,0,0,4
6640,-350,75,-18,352,1050,1050,1125,1175,1,0,0,0,0,4
6660,-362,75,-12,352,1050,1050,1125,1175,1,0,0,0,0,4
6680,-368,75,-12,352,1050,1050,1125,1175,1,0,0,0,0,4
6700,-381,75,-12,352,1050,1050,1125,1175,1,0,0,0,0,4
6720,-387,68,-25,352,1050,1050,1125,1175,1,0,0,0,0,4
6740,-393,62,-37,352,1050,1050,1125,1175,1,0,0,0,0,4
6760,-400,50,-50,352,1050,1050,1125,1175,1,0,0,0,0,4
6780,-400,37,-50,352,1050,1050,1125,1175,1,0,0,0,0,4
6800,-400,25,-50,352,1050,1050,1125,1175,1,0,0,0,0,4
6820,-393,6,-50,352,1050,1050,1125,1175,1,0,0,0,0,4
6840,-393,-6,-43,352,1050,1050,1125,1175,1,0,0,0,0,4
6860,-393,-18,-43,352,1050,1050,1125,1175,1,0,0,0,0,4
6880,-387,-37,-43,352,1050,1050,1125,1175,1,0,0,0,0,4
6900,-375,-56,-50,352,1050,1050,1125,1175,1,0,0,0,0,4
6920,-362,-81,-62,352,1050,1050,1125,1175,1,0,0,0,0,4
6940,-350,-100,-75,352,1050,1050,1125,1175,1,0,0,0,0,4
6960,-337,-125,-81,352,1050,1050,1125,1175,1,0,0,0,0,4
6980,-318,-143,-81,352,1050,1050,1125,1175,1,0,0,0,0,4
7000,-300,-168,-81,352,1050,1050,1125,1175,1,0,0,0,0,4
7020,-281,-193,-75,352,1050,1050,1125,1175,1,0,0,0,0,4
7040,-262,-212,-75,352,1050,1050,1125,1175,1,0,0,0,0,4
7060,-243,-231,-81,352,1050,1050,1125,1175,1,0,0,0,0,4
7080,-218,-256,-87,352,1050,1050,1125,1175,1,0,0,0,0,4
7100,-200,-275,-100,352,1050,1050,1125,1125,1,0,0,0,0,4
7120,-181,-293,-100,352,1050,1050,1125,1125,1,0,0,0,0,4
7140,-162,-318,-93,352,1050,1050,1125,1125,1,0,0,0,0,4
7160,-143,-337,-81,352,1050,1050,1125,1125,1,0,0,0,0,4
7180,-131,-350,-68,352,1050,1050,1125,1125,1,0,0,0,0,4
7200,-112,-368,-68,352,1050,1050,1125,1125,1,0,0,0,0,4
7220,-93,-381,-75,352,1050,1050,1125,1125,1,0,0,0,0,4
7240,-81,-387,-81,352,1050,1050,1125,1125,1,0,0,0,0,4
7260,-75,-400,-87,352,1050,1050,1125,1125,1,0,0,0,0,4
7280,-56,-406,-87,352,1050,1050,1125,1125,1,0,0,0,0,4
7300,-37,-412,-81,352,1050,1050,1125,1125,1,0,0,0,0,4
7320,-25,-412,-68,352,1050,1050,1125,1125,1,0,0,0,0,4
7340,-18,-412,-56,352,1050,1050,1125,1125,1,0,0,0,0,4
7360,-6,-406,-50,352,1050,1050,1125,1125,1,0,0,0,0,4
7380,0,-400,-50,352,1050,1050,1125,1125,1,0,0,0,0,4
7400,6,-387,-50,352,1050,1050,1125,1125,1,0,0,0,0,4
7420,12,-375,-56,352,1050,1050,1125,1125,1,0,0,0,0,4
7440,18,-362,-56,352,1050,1050,1125,1125,1,0,0,0,0,4
7460,18,-350,-50,352,1050,1050,1125,1125,1,0,0,0,0,4
7480,18,-331,-43,352,1050,1050,1125,1125,1,0,0,0,0,4
7500,25,-312,-37,352,1050,1050,1125,1125,1,0,0,0,0,4
7520,18,-293,-31,352,1050,1050,1125,1125,1,0,0,0,0,4
7540,18,-275,-31,352,1050,1050,1125,1125,1,0,0,0,0,4
7560,12,-250,-37,352,1050,1050,1125,1125,1,0,0,0,0,4
7580,6,-231,-37,352,1050,1050,1125,1125,1,0,0,0,0,4
7600,-6,-212,-31,352,1050,1050,1125,1125,1,0,0,0,0,4
7620,-12,-193,-25,352,1050,1050,1125,1225,1,0,0,0,0,4
7640,-25,-181,-18,352,1050,1050,1125,1225,1,0,0,0,0,4
7660,-37,-162,-18,352,1050,1050,1125,1225,1,0,0,0,0,4
7680,-56,-143,-25,352,1050,1050,1125,1225,1,0,0,0,0,4
7700,-75,-131,-31,352,1050,1050,1125,1225,1,0,0,0,0,4
7720,-81,-112,-37,352,1050,1050,1125,1225,1,0,0,0,0,4
7740,-100,-106,-43,352,1050,1050,1125,1225,1,0,0,0,0,4
7760,-118,-100,-50,352,1050,1050,1125,1225,1,0,0,0,0,4
7780,-137,-87,-50,352,1050,1050,1125,1225,1,0,0,0,0,4
7800,-162,-87,-37,352,1050,1050,1125,1225,1,0,0,0,0,4
7820,-181,-87,-25,352,1050,1050,1125,1225,1,0,0,0,0,4
7840,-200,-81,-12,352,1050,1050,1125,1225,1,0,0,0,0,4
7860,-218,-81,-6,352,1050,1050,1125,1225,1,0,0,0,0,4
7880,-231,-81,-12,352,1050,1050,1125,1225,1,0,0,0,0,4
7900,-243,-81,-31,352,1050,1050,1125,1225,1,0,0,0,0,4
7920,-256,-81,-50,352,1050,1050,1125,1225,1,0,0,0,0,4
7940,-262,-87,-56,352,1050,1050,1125,1225,1,0,0,0,0,4
7960,-275,-87,-62,352,1050,1050,1125,1225,1,0,0,0,0,4
7980,-281,-93,-56,352,1050,1050,1125,1225,1,0,0,0,0,4
8000,-287,-93,-50,352,1050,1050,1125,1225,1,0,0,0,0,4
8020,-293,-100,-37,352,1050,1050,1125,1225,1,0,0,0,0,4
8040,-293,-112,-37,352,1050,1050,1125,1225,1,0,0,0,0,4
8060,-293,-118,-43,352,1050,1050,1125,1225,1,0,0,0,0,4
8080,-293,-125,-56,352,1050,1050,1125,1225,1,0,0,0,0,4
8100,-293,-131,-68,352,1050,1050,1125,1225,1,0,0,0,0,4
8120,-287,-137,-75,352,1050,1050,1125,1075,1,0,0,0,0,4
8160,-281,-156,-75,352,1050,1050,1125,1075,1,0,0,0,0,4
8180,-275,-168,-68,352,1050,1050,1125,1075,1,0,0,0,0,4
8200,-268,-181,-68,352,1050,1050,1125,1075,1,0,0,0,0,4
8220,-262,-193,-75,352,1050,1050,1125,1075,1,0,0,0,0,4
8240,-256,-200,-81,352,1050,1050,1125,1075,1,0,0,0,0,4
8260,-250,-212,-93,352,1050,1050,1125,1075,1,0,0,0,0,4
8280,-243,-218,-106,352,1050,1050,1125,1075,1,0,0,0,0,4
8300,-243,-225,-106,352,1050,1050,1125,1075,1,0,0,0,0,4
8320,-237,-231,-106,352,1050,1050,1125,1075,1,0,0,0,0,4
8340,-237,-237,-87,352,1050,1050,1125,1075,1,0,0,0,0,4
8360,-237,-237,-62,352,1050,1050,1125,1075,1,0,0,0,0,4
8380,-237,-237,-43,352,1050,1050,1125,1075,1,0,0,0,0,4
8400,-237,-231,-43,352,1050,1050,1125,1075,1,0,0,0,0,4
8420,-237,-231,-50,352,1050,1050,1125,1075,1,0,0,0,0,4
8440,-237,-218,-68,352,1050,1050,1125,1075,1,0,0,0,0,4
8460,-231,-206,-87,352,1050,1050,1125,1075,1,0,0,0,0,4
8480,-231,-200,-93,352,1050,1050,1125,1075,1,0,0,0,0,4
8500,-231,-187,-87,352,1050,1050,1125,1075,1,0,0,0,0,4
8520,-225,-175,-68,352,1050,1050,1125,1075,1,0,0,0,0,4
8540,-225,-162,-50,352,1050,1050,1125,1075,1,0,0,0,0,4
8560,-225,-150,-31,352,1050,1050,1125,1075,1,0,0,0,0,4
8580,-218,-131,-25,352,1050,1050,1125,1075,1,0,0,0,0,4
8600,-218,-112,-25,352,1050,1050,1125,1075,1,0,0,0,0,4
8620,-218,-100,-37,352,1050,1050,1125,1075,1,0,0,0,0,4
8640,-212,-81,-43,352,1050,1050,1125,1075,1,0,0,0,0,4
8660,-212,-62,-43,352,1050,1050,1125,1075,1,0,0,0,0,4
8680,-212,-50,-37,352,1050,1050,1125,1075,1,0,0,0,0,4
8700,-212,-37,-25,352,1050,1050,1125,1075,1,0,0,0,0,4
8720,-218,-25,-12,352,1050,1050,1125,1075,1,0,0,0,0,4
8740,-225,-6,0,352,1050,1050,1125,1075,1,0,0,0,0,4
8760,-231,6,0,352,1050,1050,1125,1075,1,0,0,0,0,4
8780,-237,18,0,352,1050,1050,1125,1075,1,0,0,0,0,4
8800,-243,31,-12,352,1050,1050,1125,1075,1,0,0,0,0,4
8820,-250,43,-18,352,1050,1050,1125,1075,1,0,0,0,0,4
8840,-262,56,-25,352,1050,1050,1125,1075,1,0,0,0,0,4
8860,-268,62,-25,352,1050,1050,1125,1075,1,0,0,0,0,4
8880,-281,68,-18,352,1050,1050,1125,1075,1,0,0,0,0,4
8900,-293,81,-12,352,1050,1050,1125,1075,1,0,0,0,0,4
8920,-306,81,-18,352,1050,1050,1125,1075,1,0,0,0,0,4
8940,-318,87,-25,352,1050,1050,1125,1075,1,0,0,0,0,4
8960,-331,87,-37,352,1050,1050,1125,1075,1,0,0,0,0,4
8980,-350,87,-43,352,1050,1050,1125,1075,1,0,0,0,0,4
9000,-368,87,-50,352,1050,1050,1125,1075,1,0,0,0,0,4
9020,-387,87,-37,352,1050,1050,1125,1075,1,0,0,0,0,4
9040,-406,81,-18,352,1050,1050,1125,1075,1,0,0,0,0,4
9060,-418,75,-6,352,1050,1050,1125,1075,1,0,0,0,0,4
9080,-437,68,0,352,1050,1050,1125,1075,1,0,0,0,0,4
9100,-456,62,-6,352,1050,1050,1125,1075,1,0,0,0,0,4
9120,-468,56,-25,352,1050,1050,1125,1175,1,0,0,0,0,4
9140,-481,50,-50,352,1050,1050,1125,1175,1,0,0,0,0,4
9160,-487,43,-68,352,1050,1050,1125,1175,1,0,0,0,0,4
9180,-500,37,-75,352,1050,1050,1125,1175,1,0,0,0,0,4
9200,-506,25,-75,352,1050,1050,1125,1175,1,0,0,0,0,4
9220,-512,18,-68,352,1050,1050,1125,1175,1,0,0,0,0,4
9240,-518,0,-50,352,1050,1050,1125,1175,1,0,0,0,0,4
9260,-518,-12,-50,352,1050,1050,1125,1175,1,0,0,0,0,4
9280,-518,-12,-50,352,1050,1050,1125,1175,1,0,0,0,0,4
9300,-518,-37,-75,352,1050,1050,1125,1175,1,0,0,0,0,4
9320,-512,-50,-100,352,1050,1050,1125,1175,1,0,0,0,0,4
9340,-506,-68,-118,352,1050,1050,1125,1175,1,0,0,0,0,4
9360,-500,-81,-131,352,1050,1050,1125,1175,1,0,0,0,0,4
9380,-493,-93,-131,352,1050,1050,1125,1175,1,0,0,0,0,4
9400,-487,-112,-125,352,1050,1050,1125,1175,1,0,0,0,0,4
9420,-481,-137,-106,352,1050,1050,1125,1175,1,0,0,0,0,4
9440,-468,-156,-87,352,1050,1050,1125,1175,1,0,0,0,0,4
9460,-462,-181,-68,352,1050,1050,1125,1175,1,0,0,0,0,4
9480,-443,-200,-68,352,1050,1050,1125,1175,1,0,0,0,0,4
9500,-425,-218,-87,352,1050,1050,1125,1175,1,0,0,0,0,4
9520,-406,-237,-112,352,1050,1050,1125,1175,1,0,0,0,0,4
9540,-381,-256,-137,352,1050,1050,1125,1175,1,0,0,0,0,4
9560,-362,-275,-150,352,1050,1050,1125,1175,1,0,0,0,0,4
9580,-337,-293,-143,352,1050,1050,1125,1175,1,0,0,0,0,4
9600,-318,-312,-125,352,1050,1050,1125,1175,1,0,0,0,0,4
9620,-300,-331,-100,352,1050,1050,1125,1175,1,0,0,0,0,4
9640,-281,-350,-87,352,1050,1050,1125,1025,1,0,0,0,0,4
9660,-262,-368,-81,352,1050,1050,1125,1025,1,0,0,0,0,4
9680,-237,-381,-93,352,1050,1050,1125,1025,1,0,0,0,0,4
9700,-218,-393,-112,352,1050,1050,1125,1025,1,0,0,0,0,4
9720,-200,-406,-131,352,1050,1050,1125,1025,1,0,0,0,0,4
9740,-181,-406,-137,352,1050,1050,1125,1025,1,0,0,0,0,4
9760,-168,-412,-131,352,1050,1050,1125,1025,1,0,0,0,0,4
9780,-150,-418,-112,352,1050,1050,1125,1025,1,0,0,0,0,4
9800,-137,-412,-87,352,1050,1050,1125,1025,1,0,0,0,0,4
9820,-125,-406,-68,352,1050,1050,1125,1025,1,0,0,0,0,4
9840,-112,-400,-56,352,1050,1050,1125,1025,1,0,0,0,0,4
9860,-100,-387,-62,352,1050,1050,1125,1025,1,0,0,0,0,4
9880,-87,-375,-68,352,1050,1050,1125,1025,1,0,0,0,0,4
9900,-75,-356,-75,352,1050,1050,1125,1025,1,0,0,0,0,4
9920,-68,-331,-75,352,1050,1050,1125,1025,1,0,0,0,0,4
9940,-62,-312,-68,352,1050,1050,1125,1025,1,0,0,0,0,4
9960,-50,-287,-56,352,1050,1050,1125,1025,1,0,0,0,0,4
9980,-50,-268,-31,352,1050,1050,1125,1025,1,0,0,0,0,4
10000,-43,-243,-18,352,1050,1050,1125,1025,1,0,0,0,0,4
10020,-43,-218,-6,352,1050,1050,1125,1025,1,0,0,0,0,4
10040,-43,-187,-6,352,1050,1050,1125,1025,1,0,0,0,0,4
10060,-37,-162,-12,352,1050,1050,1125,1025,1,0,0,0,0,4
10080,-37,-137,-12,352,1050,1050,1125,1025,1,0,0,0,0,4
10100,-37,-112,-12,352,1050,1050,1125,1025,1,0,0,0,0,4
10120,-37,-81,-12,352,1050,1050,1125,1025,1,0,0,0,0,4
10140,-43,-56,0,352,1050,1050,1125,1125,1,0,0,0,0,4
10160,-56,-31,6,352,1050,1050,1125,1125,1,0,0,0,0,4
10180,-62,-6,18,352,1050,1050,1125,1125,1,0,0,0,0,4
10200,-75,18,25,352,1050,1050,1125,1125,1,0,0,0,0,4
10220,-87,31,25,352,1050,1050,1125,1125,1,0,0,0,0,4
10240,-100,56,18,352,1050,1050,1125,1125,1,0,0,0,0,4
10260,-118,68,6,352,1050,1050,1125,1125,1,0,0,0,0,4
10280,-143,87,-6,352,1050,1050,1125,1125,1,0,0,0,0,4
10300,-162,93,-18,352,1050,1050,1125,1125,1,0,0,0,0,4
10320,-187,100,-25,352,1050,1050,1125,1125,1,0,0,0,0,4
10340,-212,106,-18,352,1050,1050,1125,1125,1,0,0,0,0,4
10360,-250,106,-18,352,1050,1050,1125,1125,1,0,0,0,0,4
10380,-281,106,-6,352,1050,1050,1125,1125,1,0,0,0,0,4
10400,-312,106,-6,352,1050,1050,1125,1125,1,0,0,0,0,4
10420,-350,106,-6,352,1050,1050,1125,1125,1,0,0,0,0,4
10440,-387,100,-18,352,1050,1050,1125,1125,1,0,0,0,0,4
10460,-425,93,-31,352,1050,1050,1125,1125,1,0,0,0,0,4
10480,-456,87,-43,352,1050,1050,1125,1125,1,0,0,0,0,4
10500,-493,81,-56,352,1050,1050,1125,1125,1,0,0,0,0,4
10520,-531,75,-68,352,1050,1050,1125,1125,1,0,0,0,0,4
10540,-550,68,-68,352,1050,1050,1125,1125,1,0,0,0,0,4
10560,-606,50,-75,352,1050,1050,1125,1125,1,0,0,0,0,4
10580,-643,37,-81,352,1050,1050,1125,1125,1,0,0,0,0,4
10600,-687,25,-87,352,1050,1050,1125,1125,1,0,0,0,0,4
10620,-725,6,-93,352,1050,1050,1125,1125,1,0,0,0,0,4
10640,-743,0,-106,352,1050,1050,1125,1025,1,0,0,0,0,4
10660,-800,-31,-143,352,1050,1050,1125,1025,1,0,0,0,0,4
10680,-812,-31,-156,352,1050,1050,1125,1025,1,0,0,0,0,4
10700,-850,-56,-168,352,1050,1050,1125,1025,1,0,0,0,0,4
10720,-887,-68,-187,352,1050,1050,1125,1025,1,0,0,0,0,4
10740,-918,-87,-206,352,1050,1050,1125,1025,1,0,0,0,0,4
10760,-956,-100,-212,352,1050,1050,1125,1025,1,0,0,0,0,4
10780,-987,-112,-212,352,1050,1050,1125,1025,1,0,0,0,0,4
10800,-1025,-118,-200,352,1050,1050,1125,1025,1,0,0,0,0,4
10820,-1050,-131,-193,352,1050,1050,1125,1025,1,0,0,0,0,4
10840,-1075,-131,-187,352,1050,1050,1125,1025,1,0,0,0,0,4
10860,-1087,-131,-187,352,1050,1050,1125,1025,1,0,0,0,0,4
10880,-1100,-131,-193,352,1050,1050,1125,1025,1,0,0,0,0,4
10900,-1100,-118,-206,352,1050,1050,1125,1025,1,0,0,0,0,4
10920,-1087,-118,-212,352,1050,1050,1125,1025,1,0,0,0,0,4
10940,-1062,-112,-212,352,1050,1050,1125,1025,1,0,0,0,0,4
10960,-1031,-106,-200,352,1050,1050,1125,1025,1,0,0,0,0,4
10980,-993,-93,-187,352,1050,1050,1125,1025,1,0,0,0,0,4
11000,-950,-87,-168,352,1050,1050,1125,1025,1,0,0,0,0,4
11020,-893,-81,-156,352,1050,1050,1125,1025,1,0,0,0,0,4
11040,-831,-75,-137,352,1050,1050,1125,1025,1,0,0,0,0,4
11060,-768,-68,-112,352,1050,1050,1125,1025,1,0,0,0,0,4
11080,-706,-56,-100,352,1050,1050,1125,1025,1,0,0,0,0,4
11100,-631,-50,-81,352,1050,1050,1125,1025,1,0,0,0,0,4
11120,-562,-37,-75,352,1050,1050,1125,1025,1,0,0,0,0,4
11140,-493,-25,-62,352,1050,1050,1125,1075,1,0,0,0,0,4
11160,-418,-18,-50,352,1050,1050,1125,1075,1,0,0,0,0,4
11180,-343,-12,-37,352,1050,1050,1125,1075,1,0,0,0,0,4
11200,-275,0,-18,352,1050,1050,1125,1075,1,0,0,0,0,4
11220,-206,0,-6,352,1050,1050,1125,1075,1,0,0,0,0,4
11240,-143,6,0,352,1050,1050,1125,1075,1,0,0,0,0,4
11260,-81,12,6,352,1050,1050,1125,1075,1,0,0,0,0,4
11280,-31,12,6,352,1050,1050,1125,1075,1,0,0,0,0,4
11300,18,12,6,352,1050,1050,1125,1075,1,0,0,0,0,4
11320,62,6,6,352,1050,1050,1125,1075,1,0,0,0,0,4
11340,106,0,12,352,1050,1050,1125,1075,1,0,0,0,0,4
11360,137,-6,18,352,1050,1050,1125,1075,1,0,0,0,0,4
11380,168,-12,31,352,1050,1050,1125,1075,1,0,0,0,0,4
11400,181,-25,56,352,1050,1050,1125,1075,1,0,0,0,0,4
11420,193,-31,75,352,1050,1050,1125,1075,1,0,0,0,0,4
11440,200,-43,87,352,1050,1050,1125,1075,1,0,0,0,0,4
11460,206,-56,81,352,1050,1050,1125,1075,1,0,0,0,0,4
11480,200,-68,68,352,1050,1050,1125,1075,1,0,0,0,0,4
11500,187,-81,43,352,1050,1050,1125,1075,1,0,0,0,0,4
11520,175,-93,25,352,1050,1050,1125,1075,1,0,0,0,0,4
11540,156,-112,18,352,1050,1050,1125,1075,1,0,0,0,0,4
11560,137,-125,18,352,1050,1050,1125,1075,1,0,0,0,0,4
11580,112,-143,25,352,1050,1050,1125,1075,1,0,0,0,0,4
11600,87,-162,25,352,1050,1050,1125,1075,1,0,0,0,0,4
11620,56,-181,25,352,1050,1050,1125,1075,1,0,0,0,0,4
11640,31,-200,18,352,1050,1050,1125,1075,1,0,0,0,0,4
11660,0,-212,0,352,1050,1050,1125,1125,1,0,0,0,0,4
11680,-31,-231,-18,352,1050,1050,1125,1125,1,0,0,0,0,4
11700,-62,-243,-37,352,1050,1050,1125,1125,1,0,0,0,0,4
11720,-81,-256,-50,352,1050,1050,1125,1125,1,0,0,0,0,4
11740,-106,-275,-56,352,1050,1050,1125,1125,1,0,0,0,0,4
11760,-137,-287,-56,352,1050,1050,1125,1125,1,0,0,0,0,4
11780,-162,-300,-56,352,1050,1050,1125,1125,1,0,0,0,0,4
11800,-187,-312,-56,352,1050,1050,1125,1125,1,0,0,0,0,4
11820,-206,-318,-62,352,1050,1050,1125,1125,1,0,0,0,0,4
11840,-225,-325,-75,352,1050,1050,1125,1125,1,0,0,0,0,4
11860,-243,-331,-87,352,1050,1050,1125,1125,1,0,0,0,0,4
11880,-256,-331,-100,352,1050,1050,1125,1125,1,0,0,0,0,4
11900,-262,-331,-106,352,1050,1050,1125,1125,1,0,0,0,0,4
11920,-281,-331,-106,352,1050,1050,1125,1125,1,0,0,0,0,4
11940,-287,-331,-100,352,1050,1050,1125,1125,1,0,0,0,0,4
11960,-293,-331,-93,352,1050,1050,1125,1125,1,0,0,0,0,4
11980,-293,-325,-87,352,1050,1050,1125,1125,1,0,0,0,0,4
12000,-293,-318,-87,352,1050,1050,1125,1125,1,0,0,0,0,4
12020,-293,-312,-93,352,1050,1050,1125,1125,1,0,0,0,0,4
12040,-293,-306,-100,352,1050,1050,1125,1125,1,0,0,0,0,4
12060,-287,-300,-100,352,1050,1050,1125,1125,1,0,0,0,0,4
12080,-281,-287,-100,352,1050,1050,1125,1125,1,0,0,0,0,4
12100,-281,-275,-93,352,1050,1050,1125,1125,1,0,0,0,0,4
12120,-275,-262,-81,352,1050,1050,1125,1125,1,0,0,0,0,4
12140,-268,-250,-68,352,1050,1050,1125,1125,1,0,0,0,0,4
12160,-262,-237,-62,352,1050,1050,1125,1225,1,0,0,0,0,4
12180,-262,-225,-56,352,1050,1050,1125,1225,1,0,0,0,0,4
12200,-256,-206,-56,352,1050,1050,1125,1225,1,0,0,0,0,4
12220,-250,-193,-56,352,1050,1050,1125,1225,1,0,0,0,0,4
12240,-243,-181,-56,352,1050,1050,1125,1225,1,0,0,0,0,4
12260,-231,-168,-56,352,1050,1050,1125,1225,1,0,0,0,0,4
12280,-225,-150,-50,352,1050,1050,1125,1225,1,0,0,0,0,4
12300,-212,-143,-43,352,1050,1050,1125,1225,1,0,0,0,0,4
12320,-206,-131,-31,352,1050,1050,1125,1225,1,0,0,0,0,4
12340,-193,-125,-18,352,1050,1050,1125,1225,1,0,0,0,0,4
12360,-187,-118,-12,352,1050,1050,1125,1225,1,0,0,0,0,4
12380,-175,-112,-12,352,1050,1050,1125,1225,1,0,0,0,0,4
12400,-168,-112,-12,352,1050,1050,1125,1225,1,0,0,0,0,4
12420,-156,-106,-18,352,1050,1050,1125,1225,1,0,0,0,0,4
12440,-150,-106,-18,352,1050,1050,1125,1225,1,0,0,0,0,4
12460,-143,-106,-18,352,1050,1050,1125,1225,1,0,0,0,0,4
12480,-137,-106,-18,352,1050,1050,1125,1225,1,0,0,0,0,4
12500,-137,-112,-12,352,1050,1050,1125,1225,1,0,0,0,0,4
12520,-131,-118,-12,352,1050,1050,1125,1225,1,0,0,0,0,4
12540,-131,-118,-12,352,1050,1050,1125,1225,1,0,0,0,0,4
12560,-131,-131,-12,352,1050,1050,1125,1225,1,0,0,0,0,4
12580,-131,-137,-12,352,1050,1050,1125,1225,1,0,0,0,0,4
12600,-131,-143,-18,352,1050,1050,1125,1225,1,0,0,0,0,4
12620,-131,-156,-25,352,1050,1050,1125,1225,1,0,0,0,0,4
12640,-137,-168,-37,352,1050,1050,1125,1225,1,0,0,0,0,4
12660,-143,-181,-43,352,1050,1050,1125,1225,1,0,0,0,0,4
12680,-150,-193,-50,352,1050,1050,1125,1225,1,0,0,0,0,4
12700,-162,-206,-43,352,1050,1050,1125,1225,1,0,0,0,0,4
12720,-168,-218,-31,352,1050,1050,1125,1225,1,0,0,0,0,4
12740,-181,-231,-25,352,1050,1050,1125,1225,1,0,0,0,0,4
12760,-193,-243,-25,352,1050,1050,1125,1225,1,0,0,0,0,4
12780,-206,-250,-31,352,1050,1050,1125,1225,1,0,0,0,0,4
12800,-212,-262,-50,352,1050,1050,1125,1225,1,0,0,0,0,4
12820,-218,-268,-68,352,1050,1050,1125,1225,1,0,0,0,0,4
12840,-225,-275,-81,352,1050,1050,1125,1225,1,0,0,0,0,4
12860,-231,-281,-93,352,1050,1050,1125,1225,1,0,0,0,0,4
12880,-237,-287,-100,352,1050,1050,1125,1225,1,0,0,0,0,4
12900,-243,-293,-93,352,1050,1050,1125,1225,1,0,0,0,0,4
12920,-250,-300,-93,352,1050,1050,1125,1225,1,0,0,0,0,4
12940,-256,-306,-87,352,1050,1050,1125,1225,1,0,0,0,0,4
12960,-262,-306,-81,352,1050,1050,1125,1225,1,0,0,0,0,4
12980,-268,-312,-68,352,1050,1050,1125,1225,1,0,0,0,0,4
13000,-268,-312,-62,352,1050,1050,1125,1225,1,0,0,0,0,4
13020,-268,-312,-68,352,1050,1050,1125,1225,1,0,0,0,0,4
13040,-268,-306,-75,352,1050,1050,1125,1225,1,0,0,0,0,4
13060,-268,-306,-93,352,1050,1050,1125,1225,1,0,0,0,0,4
13080,-262,-306,-100,352,1050,1050,1125,1225,1,0,0,0,0,4
13100,-256,-300,-93,352,1050,1050,1125,1225,1,0,0,0,0,4
13120,-250,-300,-81,352,1050,1050,1125,1225,1,0,0,0,0,4
13140,-250,-293,-62,352,1050,1050,1125,1225,1,0,0,0,0,4
13160,-243,-293,-56,352,1050,1050,1125,1075,1,0,0,0,0,4
13180,-231,-281,-43,352,1050,1050,1125,1075,1,0,0,0,0,4
13200,-218,-275,-50,352,1050,1050,1125,1075,1,0,0,0,0,4
13220,-200,-262,-56,352,1050,1050,1125,1075,1,0,0,0,0,4
13240,-187,-250,-62,352,1050,1050,1125,1075,1,0,0,0,0,4
13260,-181,-243,-68,352,1050,1050,1125,1075,1,0,0,0,0,4
13280,-168,-231,-68,352,1050,1050,1125,1075,1,0,0,0,0,4
13300,-162,-218,-62,352,1050,1050,1125,1075,1,0,0,0,0,4
13320,-156,-206,-56,352,1050,1050,1125,1075,1,0,0,0,0,4
13340,-150,-193,-43,352,1050,1050,1125,1075,1,0,0,0,0,4
13360,-150,-181,-25,352,1050,1050,1125,1075,1,0,0,0,0,4
13380,-143,-162,-12,352,1050,1050,1125,1075,1,0,0,0,0,4
13400,-143,-150,-6,352,1050,1050,1125,1075,1,0,0,0,0,4
13420,-150,-131,-6,352,1050,1050,1125,1075,1,0,0,0,0,4
13440,-156,-112,-18,352,1050,1050,1125,1075,1,0,0,0,0,4
13460,-156,-100,-25,352,1050,1050,1125,1075,1,0,0,0,0,4
13480,-168,-81,-25,352,1050,1050,1125,1075,1,0,0,0,0,4
13500,-175,-68,-25,352,1050,1050,1125,1075,1,0,0,0,0,4
13520,-187,-50,-18,352,1050,1050,1125,1075,1,0,0,0,0,4
13540,-200,-37,-12,352,1050,1050,1125,1075,1,0,0,0,0,4
13560,-212,-18,-12,352,1050,1050,1125,1075,1,0,0,0,0,4
13580,-231,-6,-12,352,1050,1050,1125,1075,1,0,0,0,0,4
13600,-243,6,-25,352,1050,1050,1125,1075,1,0,0,0,0,4
13620,-268,18,-31,352,1050,1050,1125,1075,1,0,0,0,0,4
13640,-287,31,-25,352,1050,1050,1125,1075,1,0,0,0,0,4
13660,-312,37,-18,352,1050,1050,1125,1125,1,0,0,0,0,4
13680,-331,43,0,352,1050,1050,1125,1125,1,0,0,0,0,4
13700,-356,50,6,352,1050,1050,1125,1125,1,0,0,0,0,4
13720,-375,56,12,352,1050,1050,1125,1125,1,0,0,0,0,4
13740,-387,56,6,352,1050,1050,1125,1125,1,0,0,0,0,4
13760,-406,62,-6,352,1050,1050,1125,1125,1,0,0,0,0,4
13780,-418,62,-25,352,1050,1050,1125,1125,1,0,0,0,0,4
13800,-431,62,-31,352,1050,1050,1125,1125,1,0,0,0,0,4
13820,-443,56,-37,352,1050,1050,1125,1125,1,0,0,0,0,4
13840,-456,50,-37,352,1050,1050,1125,1125,1,0,0,0,0,4
13860,-462,43,-25,352,1050,1050,1125,1125,1,0,0,0,0,4
13880,-462,37,-18,352,1050,1050,1125,1125,1,0,0,0,0,4
13900,-468,25,-18,352,1050,1050,1125,1125,1,0,0,0,0,4
13920,-462,18,-25,352,1050,1050,1125,1125,1,0,0,0,0,4
13940,-462,6,-37,352,1050,1050,1125,1125,1,0,0,0,0,4
13960,-456,-6,-56,352,1050,1050,1125,1125,1,0,0,0,0,4
13980,-456,-18,-68,352,1050,1050,1125,1125,1,0,0,0,0,4
14000,-450,-31,-81,352,1050,1050,1125,1125,1,0,0,0,0,4
14020,-443,-50,-87,352,1050,1050,1125,1125,1,0,0,0,0,4
14040,-437,-68,-81,352,1050,1050,1125,1125,1,0,0,0,0,4
14060,-431,-87,-81,352,1050,1050,1125,1125,1,0,0,0,0,4
14080,-431,-106,-75,352,1050,1050,1125,1125,1,0,0,0,0,4
14100,-425,-125,-75,352,1050,1050,1125,1125,1,0,0,0,0,4
14120,-418,-150,-68,352,1050,1050,1125,1125,1,0,0,0,0,4
14140,-412,-168,-68,352,1050,1050,1125,1125,1,0,0,0,0,4
14160,-400,-187,-68,352,1050,1050,1125,1125,1,0,0,0,0,4
14180,-393,-206,-75,352,1050,1050,1125,1175,1,0,0,0,0,4
14200,-381,-225,-81,352,1050,1050,1125,1175,1,0,0,0,0,4
14220,-375,-243,-87,352,1050,1050,1125,1175,1,0,0,0,0,4
14240,-362,-256,-93,352,1050,1050,1125,1175,1,0,0,0,0,4
14260,-343,-275,-93,352,1050,1050,1125,1175,1,0,0,0,0,4
14280,-331,-287,-93,352,1050,1050,1125,1175,1,0,0,0,0,4
14300,-318,-300,-93,352,1050,1050,1125,1175,1,0,0,0,0,4
14320,-306,-318,-87,352,1050,1050,1125,1175,1,0,0,0,0,4
14340,-287,-331,-87,352,1050,1050,1125,1175,1,0,0,0,0,4
14360,-275,-337,-93,352,1050,1050,1125,1175,1,0,0,0,0,4
14380,-256,-350,-93,352,1050,1050,1125,1175,1,0,0,0,0,4
14400,-237,-356,-93,352,1050,1050,1125,1175,1,0,0,0,0,4
14420,-225,-362,-93,352,1050,1050,1125,1175,1,0,0,0,0,4
14440,-200,-368,-87,352,1050,1050,1125,1175,1,0,0,0,0,4
14460,-181,-375,-81,352,1050,1050,1125,1175,1,0,0,0,0,4
14480,-168,-375,-75,352,1050,1050,1125,1175,1,0,0,0,0,4
14500,-156,-381,-68,352,1050,1050,1125,1175,1,0,0,0,0,4
14520,-143,-381,-62,352,1050,1050,1125,1175,1,0,0,0,0,4
14540,-131,-381,-62,352,1050,1050,1125,1175,1,0,0,0,0,4
14560,-118,-381,-62,352,1050,1050,1125,1175,1,0,0,0,0,4
14580,-112,-375,-62,352,1050,1050,1125,1175,1,0,0,0,0,4
14600,-100,-375,-62,352,1050,1050,1125,1175,1,0,0,0,0,4
14620,-93,-368,-56,352,1050,1050,1125,1175,1,0,0,0,0,4
14640,-87,-362,-56,352,1050,1050,1125,1175,1,0,0,0,0,4
14660,-87,-356,-50,352,1050,1050,1125,1175,1,0,0,0,0,4
14680,-87,-350,-50,352,1050,1050,1125,1225,1,0,0,0,0,4
14700,-87,-343,-50,352,1050,1050,1125,1225,1,0,0,0,0,4
14720,-93,-331,-50,352,1050,1050,1125,1225,1,0,0,0,0,4
14740,-93,-318,-43,352,1050,1050,1125,1225,1,0,0,0,0,4
14760,-100,-306,-37,352,1050,1050,1125,1225,1,0,0,0,0,4
14780,-106,-293,-37,352,1050,1050,1125,1225,1,0,0,0,0,4
14800,-106,-281,-31,352,1050,1050,1125,1225,1,0,0,0,0,4
14820,-112,-268,-31,352,1050,1050,1125,1225,1,0,0,0,0,4
14840,-125,-256,-31,352,1050,1050,1125,1225,1,0,0,0,0,4
14860,-131,-243,-31,352,1050,1050,1125,1225,1,0,0,0,0,4
14880,-143,-231,-31,352,1050,1050,1125,1225,1,0,0,0,0,4
14900,-150,-218,-31,352,1050,1050,1125,1225,1,0,0,0,0,4
14920,-162,-206,-31,352,1050,1050,1125,1225,1,0,0,0,0,4
14940,-175,-193,-31,352,1050,1050,1125,1225,1,0,0,0,0,4
14960,-187,-181,-25,352,1050,1050,1125,1225,1,0,0,0,0,4
14980,-200,-168,-25,352,1050,1050,1125,1225,1,0,0,0,0,4
15000,-212,-162,-25,352,1050,1050,1125,1225,1,0,0,0,0,4
15020,-218,-150,-31,352,1050,1050,1125,1225,1,0,0,0,0,4
15040,-231,-143,-25,352,1050,1050,1125,1225,1,0,0,0,0,4
15060,-237,-131,-31,352,1050,1050,1125,1225,1,0,0,0,0,4
15080,-250,-125,-31,352,1050,1050,1125,1225,1,0,0,0,0,4
15100,-262,-118,-37,352,1050,1050,1125,1225,1,0,0,0,0,4
15120,-275,-112,-43,352,1050,1050,1125,1225,1,0,0,0,0,4
15140,-281,-106,-50,352,1050,1050,1125,1225,1,0,0,0,0,4
15160,-287,-106,-56,352,1050,1050,1125,1225,1,0,0,0,0,4
15180,-300,-100,-50,352,1050,1050,1125,1175,1,0,0,0,0,4
15200,-306,-100,-37,352,1050,1050,1125,1175,1,0,0,0,0,4
15220,-312,-100,-25,352,1050,1050,1125,1175,1,0,0,0,0,4
15240,-312,-106,-12,352,1050,1050,1125,1175,1,0,0,0,0,4
15260,-312,-106,-12,352,1050,1050,1125,1175,1,0,0,0,0,4
15280,-312,-106,-25,352,1050,1050,1125,1175,1,0,0,0,0,4
15300,-312,-106,-37,352,1050,1050,1125,1175,1,0,0,0,0,4
15320,-306,-112,-43,352,1050,1050,1125,1175,1,0,0,0,0,4
15340,-300,-112,-50,352,1050,1050,1125,1175,1,0,0,0,0,4
15360,-293,-112,-43,352,1050,1050,1125,1175,1,0,0,0,0,4
15380,-281,-118,-37,352,1050,1050,1125,1175,1,0,0,0,0,4
15400,-268,-125,-25,352,1050,1050,1125,1175,1,0,0,0,0,4
15420,-262,-125,-12,352,1050,1050,1125,1175,1,0,0,0,0,4
15440,-250,-131,-12,352,1050,1050,1125,1175,1,0,0,0,0,4
15460,-237,-137,-18,352,1050,1050,1125,1175,1,0,0,0,0,4
15480,-231,-137,-31,352,1050,1050,1125,1175,1,0,0,0,0,4
15500,-218,-143,-37,352,1050,1050,1125,1175,1,0,0,0,0,4
15520,-212,-150,-37,352,1050,1050,1125,1175,1,0,0,0,0,4
15540,-206,-156,-37,352,1050,1050,1125,1175,1,0,0,0,0,4
15560,-206,-162,-37,352,1050,1050,1125,1175,1,0,0,0,0,4
15580,-200,-168,-25,352,1050,1050,1125,1175,1,0,0,0,0,4
15600,-200,-175,-25,352,1050,1050,1125,1175,1,0,0,0,0,4
15620,-193,-181,-25,352,1050,1050,1125,1175,1,0,0,0,0,4
15640,-193,-187,-37,352,1050,1050,1125,1175,1,0,0,0,0,4
15660,-193,-193,-43,352,1050,1050,1125,1175,1,0,0,0,0,4
15680,-193,-200,-50,352,1050,1050,1125,1075,1,0,0,0,0,4
15700,-193,-206,-50,352,1050,1050,1125,1075,1,0,0,0,0,4
15720,-193,-212,-43,352,1050,1050,1125,1075,1,0,0,0,0,4
15740,-193,-218,-43,352,1050,1050,1125,1075,1,0,0,0,0,4
15760,-193,-225,-37,352,1050,1050,1125,1075,1,0,0,0,0,4
15780,-193,-231,-37,352,1050,1050,1125,1075,1,0,0,0,0,4
15800,-187,-231,-37,352,1050,1050,1125,1075,1,0,0,0,0,4
15820,-187,-237,-37,352,1050,1050,1125,1075,1,0,0,0,0,4
15840,-187,-237,-43,352,1050,1050,1125,1075,1,0,0,0,0,4
15860,-187,-237,-50,352,1050,1050,1125,1075,1,0,0,0,0,4
15880,-187,-237,-50,352,1050,1050,1125,1075,1,0,0,0,0,4
15900,-187,-237,-50,352,1050,1050,1125,1075,1,0,0,0,0,4
15920,-187,-231,-43,352,1050,1050,1125,1075,1,0,0,0,0,4
15940,-187,-225,-43,352,1050,1050,1125,1075,1,0,0,0,0,4
15960,-193,-218,-50,352,1050,1050,1125,1075,1,0,0,0,0,4
15980,-200,-212,-56,352,1050,1050,1125,1075,1,0,0,0,0,4
16000,-206,-206,-68,352,1050,1050,1125,1075,1,0,0,0,0,4
16020,-212,-193,-75,352,1050,1050,1125,1075,1,0,0,0,0,4
16040,-225,-187,-75,352,1050,1050,1125,1075,1,0,0,0,0,4
16060,-243,-181,-68,352,1050,1050,1125,1075,1,0,0,0,0,4
16080,-256,-175,-56,352,1050,1050,1125,1075,1,0,0,0,0,4
16100,-275,-162,-50,352,1050,1050,1125,1075,1,0,0,0,0,4
16120,-293,-150,-43,352,1050,1050,1125,1075,1,0,0,0,0,4
16140,-312,-137,-50,352,1050,1050,1125,1075,1,0,0,0,0,4
16160,-331,-131,-56,352,1050,1050,1125,1075,1,0,0,0,0,4
16180,-350,-112,-56,352,1050,1050,1125,1225,1,0,0,0,0,4
16200,-368,-100,-50,352,1050,1050,1125,1225,1,0,0,0,0,4
16220,-387,-81,-43,352,1050,1050,1125,1225,1,0,0,0,0,4
16240,-406,-68,-31,352,1050,1050,1125,1225,1,0,0,0,0,4
16260,-418,-56,-25,352,1050,1050,1125,1225,1,0,0,0,0,4
16280,-431,-43,-25,352,1050,1050,1125,1225,1,0,0,0,0,4
16300,-443,-31,-31,352,1050,1050,1125,1225,1,0,0,0,0,4
16320,-443,-25,-37,352,1050,1050,1125,1225,1,0,0,0,0,4
16340,-450,-12,-37,352,1050,1050,1125,1225,1,0,0,0,0,4
16360,-450,-12,-37,352,1050,1050,1125,1225,1,0,0,0,0,4
16380,-456,-6,-37,352,1050,1050,1125,1225,1,0,0,0,0,4
16400,-450,-6,-31,352,1050,1050,1125,1225,1,0,0,0,0,4
16420,-450,-6,-25,352,1050,1050,1125,1225,1,0,0,0,0,4
16440,-443,-12,-25,352,1050,1050,1125,1225,1,0,0,0,0,4
16460,-437,-18,-25,352,1050,1050,1125,1225,1,0,0,0,0,4
16480,-431,-31,-31,352,1050,1050,1125,1225,1,0,0,0,0,4
16500,-418,-37,-43,352,1050,1050,1125,1225,1,0,0,0,0,4
16520,-412,-50,-62,352,1050,1050,1125,1225,1,0,0,0,0,4
16540,-406,-68,-68,352,1050,1050,1125,1225,1,0,0,0,0,4
16560,-393,-87,-75,352,1050,1050,1125,1225,1,0,0,0,0,4
16580,-381,-106,-75,352,1050,1050,1125,1225,1,0,0,0,0,4
16600,-375,-125,-68,352,1050,1050,1125,1225,1,0,0,0,0,4
16620,-368,-150,-62,352,1050,1050,1125,1225,1,0,0,0,0,4
16640,-362,-168,-62,352,1050,1050,1125,1225,1,0,0,0,0,4
16660,-356,-193,-62,352,1050,1050,1125,1225,1,0,0,0,0,4
16680,-350,-225,-75,352,1050,1050,1125,1225,1,0,0,0,0,4
16700,-343,-243,-81,352,1050,1050,1125,1075,1,0,0,0,0,4
16720,-337,-268,-87,352,1050,1050,1125,1075,1,0,0,0,0,4
16740,-337,-293,-87,352,1050,1050,1125,1075,1,0,0,0,0,4
16760,-331,-318,-87,352,1050,1050,1125,1075,1,0,0,0,0,4
16780,-325,-343,-81,352,1050,1050,1125,1075,1,0,0,0,0,4
16800,-318,-368,-87,352,1050,1050,1125,1075,1,0,0,0,0,4
16820,-312,-387,-100,352,1050,1050,1125,1075,1,0,0,0,0,4
16840,-300,-406,-106,352,1050,1050,1125,1075,1,0,0,0,0,4
16860,-293,-425,-118,352,1050,1050,1125,1075,1,0,0,0,0,4
16880,-287,-437,-125,352,1050,1050,1125,1075,1,0,0,0,0,4
16900,-275,-450,-125,352,1050,1050,1125,1075,1,0,0,0,0,4
16920,-262,-456,-118,352,1050,1050,1125,1075,1,0,0,0,0,4
16940,-262,-462,-112,352,1050,1050,1125,1075,1,0,0,0,0,4
16960,-243,-462,-106,352,1050,1050,1125,1075,1,0,0,0,0,4
16980,-225,-462,-100,352,1050,1050,1125,1075,1,0,0,0,0,4
17000,-212,-462,-106,352,1050,1050,1125,1075,1,0,0,0,0,4
17020,-200,-450,-106,352,1050,1050,1125,1075,1,0,0,0,0,4
17040,-193,-450,-100,352,1050,1050,1125,1075,1,0,0,0,0,4
17060,-181,-437,-93,352,1050,1050,1125,1075,1,0,0,0,0,4
17080,-168,-425,-81,352,1050,1050,1125,1075,1,0,0,0,0,4
17100,-156,-406,-68,352,1050,1050,1125,1075,1,0,0,0,0,4
17120,-143,-393,-56,352,1050,1050,1125,1075,1,0,0,0,0,4
17140,-137,-375,-50,352,1050,1050,1125,1075,1,0,0,0,0,4
17160,-131,-356,-43,352,1050,1050,1125,1075,1,0,0,0,0,4
17180,-125,-331,-43,352,1050,1050,1125,1075,1,0,0,0,0,4
17200,-125,-306,-43,352,1050,1050,1125,1025,1,0,0,0,0,4
17220,-125,-287,-43,352,1050,1050,1125,1025,1,0,0,0,0,4
17240,-125,-262,-43,352,1050,1050,1125,1025,1,0,0,0,0,4
17260,-125,-237,-37,352,1050,1050,1125,1025,1,0,0,0,0,4
17280,-131,-206,-25,352,1050,1050,1125,1025,1,0,0,0,0,4
17300,-137,-181,-12,352,1050,1050,1125,1025,1,0,0,0,0,4
17320,-150,-156,-6,352,1050,1050,1125,1025,1,0,0,0,0,4
17340,-162,-131,0,352,1050,1050,1125,1025,1,0,0,0,0,4
17360,-175,-106,0,352,1050,1050,1125,1025,1,0,0,0,0,4
17380,-193,-75,-6,352,1050,1050,1125,1025,1,0,0,0,0,4
17400,-212,-50,-6,352,1050,1050,1125,1025,1,0,0,0,0,4
17420,-237,-25,-6,352,1050,1050,1125,1025,1,0,0,0,0,4
17440,-262,0,0,352,1050,1050,1125,1025,1,0,0,0,0,4
17460,-287,18,0,352,1050,1050,1125,1025,1,0,0,0,0,4
17480,-312,37,6,352,1050,1050,1125,1025,1,0,0,0,0,4
17500,-337,62,12,352,1050,1050,1125,1025,1,0,0,0,0,4
17520,-362,81,12,352,1050,1050,1125,1025,1,0,0,0,0,4
17540,-381,93,12,352,1050,1050,1125,1025,1,0,0,0,0,4
17560,-406,106,6,352,1050,1050,1125,1025,1,0,0,0,0,4
17580,-425,125,0,352,1050,1050,1125,1025,1,0,0,0,0,4
17600,-450,137,-6,352,1050,1050,1125,1025,1,0,0,0,0,4
17620,-468,143,-18,352,1050,1050,1125,1025,1,0,0,0,0,4
17640,-487,150,-25,352,1050,1050,1125,1025,1,0,0,0,0,4
17660,-506,156,-25,352,1050,1050,1125,1025,1,0,0,0,0,4
17680,-525,162,-25,352,1050,1050,1125,1025,1,0,0,0,0,4
17700,-543,162,-18,352,1050,1050,1125,1125,1,0,0,0,0,4
17720,-568,162,-12,352,1050,1050,1125,1125,1,0,0,0,0,4
17740,-587,162,-6,352,1050,1050,1125,1125,1,0,0,0,0,4
17760,-606,162,-12,352,1050,1050,1125,1125,1,0,0,0,0,4
17780,-618,156,-18,352,1050,1050,1125,1125,1,0,0,0,0,4
17800,-637,150,-25,352,1050,1050,1125,1125,1,0,0,0,0,4
17820,-650,150,-25,352,1050,1050,1125,1125,1,0,0,0,0,4
17840,-662,137,-25,352,1050,1050,1125,1125,1,0,0,0,0,4
17860,-668,131,-18,352,1050,1050,1125,1125,1,0,0,0,0,4
17880,-675,118,-18,352,1050,1050,1125,1125,1,0,0,0,0,4
17900,-668,106,-18,352,1050,1050,1125,1125,1,0,0,0,0,4
17920,-668,93,-25,352,1050,1050,1125,1125,1,0,0,0,0,4
17940,-656,75,-31,352,1050,1050,1125,1125,1,0,0,0,0,4
17960,-650,62,-43,352,1050,1050,1125,1125,1,0,0,0,0,4
17980,-631,43,-50,352,1050,1050,1125,1125,1,0,0,0,0,4
18000,-612,25,-56,352,1050,1050,1125,1125,1,0,0,0,0,4
18020,-593,0,-56,352,1050,1050,1125,1125,1,0,0,0,0,4
18040,-575,-18,-56,352,1050,1050,1125,1125,1,0,0,0,0,4
18060,-550,-43,-62,352,1050,1050,1125,1125,1,0,0,0,0,4
18080,-525,-75,-75,352,1050,1050,1125,1125,1,0,0,0,0,4
18100,-500,-100,-81,352,1050,1050,1125,1125,1,0,0,0,0,4
18120,-481,-131,-93,352,1050,1050,1125,1125,1,0,0,0,0,4
18140,-456,-162,-100,352,1050,1050,1125,1125,1,0,0,0,0,4
18160,-437,-193,-106,352,1050,1050,1125,1125,1,0,0,0,0,4
18180,-418,-225,-106,352,1050,1050,1125,1125,1,0,0,0,0,4
18200,-400,-256,-100,352,1050,1050,1125,1175,1,0,0,0,0,4
18220,-387,-287,-93,352,1050,1050,1125,1175,1,0,0,0,0,4
18240,-368,-325,-81,352,1050,1050,1125,1175,1,0,0,0,0,4
18260,-350,-350,-75,352,1050,1050,1125,1175,1,0,0,0,0,4
18280,-337,-387,-81,352,1050,1050,1125,1175,1,0,0,0,0,4
18300,-325,-400,-87,352,1050,1050,1125,1175,1,0,0,0,0,4
18320,-287,-443,-112,352,1050,1050,1125,1175,1,0,0,0,0,4
18340,-262,-468,-125,352,1050,1050,1125,1175,1,0,0,0,0,4
18360,-231,-500,-137,352,1050,1050,1125,1175,1,0,0,0,0,4
18380,-218,-512,-143,352,1050,1050,1125,1175,1,0,0,0,0,4
18400,-193,-537,-137,352,1050,1050,1125,1175,1,0,0,0,0,4
18420,-168,-562,-137,352,1050,1050,1125,1175,1,0,0,0,0,4
18440,-143,-587,-131,352,1050,1050,1125,1175,1,0,0,0,0,4
18460,-118,-606,-112,352,1050,1050,1125,1175,1,0,0,0,0,4
18480,-100,-625,-93,352,1050,1050,1125,1175,1,0,0,0,0,4
18500,-75,-643,-81,352,1050,1050,1125,1175,1,0,0,0,0,4
18520,-56,-656,-75,352,1050,1050,1125,1175,1,0,0,0,0,4
18540,-31,-675,-75,352,1050,1050,1125,1175,1,0,0,0,0,4
18560,-6,-681,-87,352,1050,1050,1125,1175,1,0,0,0,0,4
18580,18,-687,-100,352,1050,1050,1125,1175,1,0,0,0,0,4
18600,37,-693,-100,352,1050,1050,1125,1175,1,0,0,0,0,4
18620,50,-693,-93,352,1050,1050,1125,1175,1,0,0,0,0,4
18640,68,-693,-75,352,1050,1050,1125,1175,1,0,0,0,0,4
18660,81,-687,-56,352,1050,1050,1125,1175,1,0,0,0,0,4
18680,87,-681,-43,352,1050,1050,1125,1175,1,0,0,0,0,4
18700,87,-662,-37,352,1050,1050,1125,1225,1,0,0,0,0,4
18720,81,-650,-43,352,1050,1050,1125,1225,1,0,0,0,0,4
18740,75,-631,-50,352,1050,1050,1125,1225,1,0,0,0,0,4
18760,62,-606,-56,352,1050,1050,1125,1225,1,0,0,0,0,4
18780,43,-587,-56,352,1050,1050,1125,1225,1,0,0,0,0,4
18800,25,-556,-56,352,1050,1050,1125,1225,1,0,0,0,0,4
18820,0,-525,-50,352,1050,1050,1125,1225,1,0,0,0,0,4
18840,-25,-487,-43,352,1050,1050,1125,1225,1,0,0,0,0,4
18860,-56,-456,-37,352,1050,1050,1125,1225,1,0,0,0,0,4
18880,-81,-412,-37,352,1050,1050,1125,1225,1,0,0,0,0,4
18900,-112,-375,-37,352,1050,1050,1125,1225,1,0,0,0,0,4
18920,-143,-331,-43,352,1050,1050,1125,1225,1,0,0,0,0,4
18940,-175,-293,-50,352,1050,1050,1125,1225,1,0,0,0,0,4
18960,-206,-250,-50,352,1050,1050,1125,1225,1,0,0,0,0,4
18980,-237,-212,-43,352,1050,1050,1125,1225,1,0,0,0,0,4
19000,-268,-175,-31,352,1050,1050,1125,1225,1,0,0,0,0,4
19020,-300,-131,-25,352,1050,1050,1125,1225,1,0,0,0,0,4
19040,-331,-93,-18,352,1050,1050,1125,1225,1,0,0,0,0,4
19060,-356,-56,-18,352,1050,1050,1125,1225,1,0,0,0,0,4
19080,-387,-25,-18,352,1050,1050,1125,1225,1,0,0,0,0,4
19100,-412,12,-18,352,1050,1050,1125,1225,1,0,0,0,0,4
19120,-437,37,-18,352,1050,1050,1125,1225,1,0,0,0,0,4
19140,-462,62,-12,352,1050,1050,1125,1225,1,0,0,0,0,4
19160,-487,87,-12,352,1050,1050,1125,1225,1,0,0,0,0,4
19180,-506,106,-12,352,1050,1050,1125,1225,1,0,0,0,0,4
19200,-525,118,-18,352,1050,1050,1125,1225,1,0,0,0,0,4
19220,-543,131,-18,352,1050,1050,1125,1075,1,0,0,0,0,4
19240,-562,143,-6,352,1050,1050,1125,1075,1,0,0,0,0,4
19260,-575,143,0,352,1050,1050,1125,1075,1,0,0,0,0,4
19280,-587,143,6,352,1050,1050,1125,1075,1,0,0,0,0,4
19300,-593,143,6,352,1050,1050,1125,1075,1,0,0,0,0,4
19320,-600,137,0,352,1050,1050,1125,1075,1,0,0,0,0,4
19340,-600,131,-6,352,1050,1050,1125,1075,1,0,0,0,0,4
19360,-593,118,-18,352,1050,1050,1125,1075,1,0,0,0,0,4
19380,-593,106,-31,352,1050,1050,1125,1075,1,0,0,0,0,4
19400,-587,87,-31,352,1050,1050,1125,1075,1,0,0,0,0,4
19420,-581,68,-31,352,1050,1050,1125,1075,1,0,0,0,0,4
19440,-575,50,-25,352,1050,1050,1125,1075,1,0,0,0,0,4
19460,-562,25,-25,352,1050,1050,1125,1075,1,0,0,0,0,4
19480,-550,6,-31,352,1050,1050,1125,1075,1,0,0,0,0,4
19500,-525,-18,-43,352,1050,1050,1125,1075,1,0,0,0,0,4
19520,-506,-37,-56,352,1050,1050,1125,1075,1,0,0,0,0,4
19540,-487,-56,-75,352,1050,1050,1125,1075,1,0,0,0,0,4
19560,-475,-68,-81,352,1050,1050,1125,1075,1,0,0,0,0,4
19580,-443,-100,-87,352,1050,1050,1125,1075,1,0,0,0,0,4
19600,-425,-125,-81,352,1050,1050,1125,1075,1,0,0,0,0,4
19620,-406,-143,-75,352,1050,1050,1125,1075,1,0,0,0,0,4
19640,-387,-162,-62,352,1050,1050,1125,1075,1,0,0,0,0,4
19660,-381,-175,-56,352,1050,1050,1125,1075,1,0,0,0,0,4
19680,-362,-193,-50,352,1050,1050,1125,1075,1,0,0,0,0,4
19700,-343,-206,-56,352,1050,1050,1125,1075,1,0,0,0,0,4
19720,-325,-225,-62,352,1050,1050,1125,1125,1,0,0,0,0,4
19740,-312,-237,-62,352,1050,1050,1125,1125,1,0,0,0,0,4
19760,-293,-250,-56,352,1050,1050,1125,1125,1,0,0,0,0,4
19780,-275,-262,-50,352,1050,1050,1125,1125,1,0,0,0,0,4
19800,-262,-268,-50,352,1050,1050,1125,1125,1,0,0,0,0,4
19820,-243,-275,-50,352,1050,1050,1125,1125,1,0,0,0,0,4
19840,-231,-287,-50,352,1050,1050,1125,1125,1,0,0,0,0,4
19860,-218,-293,-50,352,1050,1050,1125,1125,1,0,0,0,0,4
19880,-206,-300,-50,352,1050,1050,1125,1125,1,0,0,0,0,4
19900,-200,-300,-50,352,1050,1050,1125,1125,1,0,0,0,0,4
19920,-193,-306,-56,352,1050,1050,1125,1125,1,0,0,0,0,4
19940,-187,-306,-56,352,1050,1050,1125,1125,1,0,0,0,0,4
19960,-181,-306,-56,352,1050,1050,1125,1125,1,0,0,0,0,4
19980,-181,-312,-50,352,1050,1050,1125,1125,1,0,0,0,0,4
20000,-181,-312,-43,352,1050,1050,1125,1125,1,0,0,0,0,4
20020,-181,-312,-37,352,1050,1050,1125,1125,1,0,0,0,0,4
20040,-181,-312,-43,352,1050,1050,1125,1125,1,0,0,0,0,4
20060,-187,-312,-50,352,1050,1050,1125,1125,1,0,0,0,0,4
20080,-187,-306,-56,352,1050,1050,1125,1125,1,0,0,0,0,4
20100,-200,-306,-62,352,1050,1050,1125,1125,1,0,0,0,0,4
20120,-206,-306,-62,352,1050,1050,1125,1125,1,0,0,0,0,4
20140,-218,-306,-50,352,1050,1050,1125,1125,1,0,0,0,0,4
20160,-225,-300,-43,352,1050,1050,1125,1125,1,0,0,0,0,4
20180,-237,-300,-43,352,1050,1050,1125,1125,1,0,0,0,0,4
20200,-250,-293,-50,352,1050,1050,1125,1125,1,0,0,0,0,4
20220,-268,-287,-56,352,1050,1050,1125,1125,1,0,0,0,0,4
20240,-281,-281,-68,352,1050,1050,1125,1125,1,0,0,0,0,4
20260,-293,-275,-81,352,1050,1050,1125,1125,1,0,0,0,0,4
20280,-306,-268,-87,352,1050,1050,1125,1125,1,0,0,0,0,4
20300,-325,-262,-87,352,1050,1050,1125,1125,1,0,0,0,0,4
20320,-337,-256,-75,352,1050,1050,1125,1125,1,0,0,0,0,4
20340,-350,-250,-56,352,1050,1050,1125,1125,1,0,0,0,0,4
20360,-362,-243,-50,352,1050,1050,1125,1125,1,0,0,0,0,4
20380,-368,-237,-50,352,1050,1050,1125,1125,1,0,0,0,0,4
20400,-375,-231,-62,352,1050,1050,1125,1125,1,0,0,0,0,4
20420,-381,-225,-87,352,1050,1050,1125,1125,1,0,0,0,0,4
20440,-387,-218,-93,352,1050,1050,1125,1125,1,0,0,0,0,4
20460,-393,-212,-93,352,1050,1050,1125,1125,1,0,0,0,0,4
20480,-393,-206,-75,352,1050,1050,1125,1125,1,0,0,0,0,4
20500,-393,-206,-56,352,1050,1050,1125,1125,1,0,0,0,0,4
20520,-393,-200,-43,352,1050,1050,1125,1125,1,0,0,0,0,4
20540,-387,-193,-43,352,1050,1050,1125,1125,1,0,0,0,0,4
20560,-381,-193,-43,352,1050,1050,1125,1125,1,0,0,0,0,4
20580,-368,-187,-50,352,1050,1050,1125,1125,1,0,0,0,0,4
20600,-350,-181,-56,352,1050,1050,1125,1125,1,0,0,0,0,4
20620,-337,-175,-56,352,1050,1050,1125,1125,1,0,0,0,0,4
20640,-325,-168,-50,352,1050,1050,1125,1125,1,0,0,0,0,4
20660,-306,-168,-37,352,1050,1050,1125,1125,1,0,0,0,0,4
20680,-293,-162,-25,352,1050,1050,1125,1125,1,0,0,0,0,4
20700,-281,-156,-12,352,1050,1050,1125,1125,1,0,0,0,0,4
20720,-275,-156,-18,352,1050,1050,1125,1075,1,0,0,0,0,4
20740,-262,-150,-18,352,1050,1050,1125,1075,1,0,0,0,0,4
20760,-256,-150,-25,352,1050,1050,1125,1075,1,0,0,0,0,4
20780,-250,-150,-31,352,1050,1050,1125,1075,1,0,0,0,0,4
20800,-250,-143,-25,352,1050,1050,1125,1075,1,0,0,0,0,4
20820,-250,-137,-18,352,1050,1050,1125,1075,1,0,0,0,0,4
20840,-250,-137,-12,352,1050,1050,1125,1075,1,0,0,0,0,4
20860,-250,-137,-12,352,1050,1050,1125,1075,1,0,0,0,0,4
20880,-250,-137,-18,352,1050,1050,1125,1075,1,0,0,0,0,4
20900,-250,-137,-31,352,1050,1050,1125,1075,1,0,0,0,0,4
20920,-256,-131,-37,352,1050,1050,1125,1075,1,0,0,0,0,4
20940,-262,-131,-56,352,1050,1050,1125,1075,1,0,0,0,0,4
20960,-268,-137,-56,352,1050,1050,1125,1075,1,0,0,0,0,4
20980,-281,-137,-43,352,1050,1050,1125,1075,1,0,0,0,0,4
21000,-287,-143,-25,352,1050,1050,1125,1075,1,0,0,0,0,4
21020,-300,-143,-12,352,1050,1050,1125,1075,1,0,0,0,0,4
21040,-306,-150,0,352,1050,1050,1125,1075,1,0,0,0,0,4
21060,-318,-150,0,352,1050,1050,1125,1075,1,0,0,0,0,4
21080,-331,-156,-18,352,1050,1050,1125,1075,1,0,0,0,0,4
21100,-337,-156,-43,352,1050,1050,1125,1075,1,0,0,0,0,4
21120,-343,-162,-62,352,1050,1050,1125,1075,1,0,0,0,0,4
21140,-350,-162,-68,352,1050,1050,1125,1075,1,0,0,0,0,4
21160,-356,-168,-62,352,1050,1050,1125,1075,1,0,0,0,0,4
21180,-368,-168,-56,352,1050,1050,1125,1075,1,0,0,0,0,4
21200,-375,-175,-37,352,1050,1050,1125,1075,1,0,0,0,0,4
21220,-375,-181,-31,352,1050,1050,1125,1075,1,0,0,0,0,4
21240,-375,-181,-31,352,1050,1050,1125,1075,1,0,0,0,0,4
21260,-375,-181,-43,352,1050,1050,1125,1075,1,0,0,0,0,4
21280,-375,-181,-50,352,1050,1050,1125,1075,1,0,0,0,0,4
21300,-375,-181,-62,352,1050,1050,1125,1075,1,0,0,0,0,4
21320,-368,-181,-62,352,1050,1050,1125,1075,1,0,0,0,0,4
21340,-362,-181,-56,352,1050,1050,1125,1075,1,0,0,0,0,4
21360,-362,-181,-50,352,1050,1050,1125,1075,1,0,0,0,0,4
21380,-362,-181,-43,352,1050,1050,1125,1075,1,0,0,0,0,4
21400,-356,-181,-37,352,1050,1050,1125,1075,1,0,0,0,0,4
21420,-350,-181,-43,352,1050,1050,1125,1075,1,0,0,0,0,4
21440,-343,-181,-43,352,1050,1050,1125,1075,1,0,0,0,0,4
21460,-337,-181,-50,352,1050,1050,1125,1075,1,0,0,0,0,4
21480,-337,-181,-50,352,1050,1050,1125,1075,1,0,0,0,0,4
21500,-331,-181,-50,352,1050,1050,1125,1075,1,0,0,0,0,4
21520,-331,-181,-43,352,1050,1050,1125,1075,1,0,0,0,0,4
21540,-331,-181,-37,352,1050,1050,1125,1075,1,0,0,0,0,4
21560,-331,-181,-37,352,1050,1050,1125,1075,1,0,0,0,0,4
21580,-331,-181,-37,352,1050,1050,1125,1075,1,0,0,0,0,4
21600,-331,-187,-37,352,1050,1050,1125,1075,1,0,0,0,0,4
21620,-331,-187,-43,352,1050,1050,1125,1075,1,0,0,0,0,4
21640,-331,-187,-50,352,1050,1050,1125,1075,1,0,0,0,0,4
21660,-337,-187,-50,352,1050,1050,1125,1075,1,0,0,0,0,4
21680,-337,-187,-50,352,1050,1050,1125,1075,1,0,0,0,0,4
21700,-337,-193,-43,352,1050,1050,1125,1075,1,0,0,0,0,4
21720,-331,-193,-43,352,1050,1050,1125,1075,1,0,0,0,0,4
21740,-331,-193,-37,352,1050,1050,1125,1025,1,0,0,0,0,4
21760,-325,-193,-37,352,1050,1050,1125,1025,1,0,0,0,0,4
21780,-318,-193,-37,352,1050,1050,1125,1025,1,0,0,0,0,4
21800,-312,-193,-43,352,1050,1050,1125,1025,1,0,0,0,0,4
21820,-306,-193,-43,352,1050,1050,1125,1025,1,0,0,0,0,4
21840,-293,-193,-43,352,1050,1050,1125,1025,1,0,0,0,0,4
21860,-287,-193,-37,352,1050,1050,1125,1025,1,0,0,0,0,4
21880,-275,-193,-31,352,1050,1050,1125,1025,1,0,0,0,0,4
21900,-262,-187,-31,352,1050,1050,1125,1025,1,0,0,0,0,4
21920,-250,-187,-25,352,1050,1050,1125,1025,1,0,0,0,0,4
21940,-243,-187,-18,352,1050,1050,1125,1025,1,0,0,0,0,4
21960,-231,-181,-18,352,1050,1050,1125,1025,1,0,0,0,0,4
21980,-225,-181,-18,352,1050,1050,1125,1025,1,0,0,0,0,4
22000,-212,-175,-18,352,1050,1050,1125,1025,1,0,0,0,0,4
22020,-206,-175,-12,352,1050,1050,1125,1025,1,0,0,0,0,4
22040,-200,-168,-18,352,1050,1050,1125,1025,1,0,0,0,0,4
22060,-193,-168,-12,352,1050,1050,1125,1025,1,0,0,0,0,4
22080,-187,-168,-12,352,1050,1050,1125,1025,1,0,0,0,0,4
22100,-187,-162,-6,352,1050,1050,1125,1025,1,0,0,0,0,4
22120,-181,-156,-6,352,1050,1050,1125,1025,1,0,0,0,0,4
22140,-187,-156,0,352,1050,1050,1125,1025,1,0,0,0,0,4
22160,-187,-150,0,352,1050,1050,1125,1025,1,0,0,0,0,4
22180,-187,-150,-6,352,1050,1050,1125,1025,1,0,0,0,0,4
22200,-193,-143,-12,352,1050,1050,1125,1025,1,0,0,0,0,4
22220,-200,-137,-25,352,1050,1050,1125,1025,1,0,0,0,0,4
22240,-212,-137,-37,352,1050,1050,1125,1225,1,0,0,0,0,4
22260,-218,-137,-37,352,1050,1050,1125,1225,1,0,0,0,0,4
22280,-225,-137,-37,352,1050,1050,1125,1225,1,0,0,0,0,4
22300,-237,-137,-18,352,1050,1050,1125,1225,1,0,0,0,0,4
22320,-256,-137,0,352,1050,1050,1125,1225,1,0,0,0,0,4
22340,-262,-137,12,352,1050,1050,1125,1225,1,0,0,0,0,4
22360,-275,-143,12,352,1050,1050,1125,1225,1,0,0,0,0,4
22380,-287,-143,0,352,1050,1050,1125,1225,1,0,0,0,0,4
22400,-293,-150,-18,352,1050,1050,1125,1225,1,0,0,0,0,4
22420,-306,-156,-37,352,1050,1050,1125,1225,1,0,0,0,0,4
22440,-312,-162,-50,352,1050,1050,1125,1225,1,0,0,0,0,4
22460,-318,-175,-56,352,1050,1050,1125,1225,1,0,0,0,0,4
22480,-331,-187,-50,352,1050,1050,1125,1225,1,0,0,0,0,4
22500,-337,-200,-43,352,1050,1050,1125,1225,1,0,0,0,0,4
22520,-343,-212,-31,352,1050,1050,1125,1225,1,0,0,0,0,4
22540,-350,-225,-31,352,1050,1050,1125,1225,1,0,0,0,0,4
22560,-350,-237,-37,352,1050,1050,1125,1225,1,0,0,0,0,4
22580,-350,-256,-50,352,1050,1050,1125,1225,1,0,0,0,0,4
22600,-350,-268,-68,352,1050,1050,1125,1225,1,0,0,0,0,4
22620,-350,-287,-81,352,1050,1050,1125,1225,1,0,0,0,0,4
22640,-343,-300,-87,352,1050,1050,1125,1225,1,0,0,0,0,4
22660,-337,-318,-87,352,1050,1050,1125,1225,1,0,0,0,0,4
22680,-325,-331,-75,352,1050,1050,1125,1225,1,0,0,0,0,4
22700,-318,-350,-68,352,1050,1050,1125,1225,1,0,0,0,0,4
22720,-312,-368,-62,352,1050,1050,1125,1225,1,0,0,0,0,4
22740,-300,-387,-62,352,1050,1050,1125,1225,1,0,0,0,0,4
22760,-287,-393,-75,352,1050,1050,1125,1225,1,0,0,0,0,4
22780,-275,-412,-87,352,1050,1050,1125,1225,1,0,0,0,0,4
22800,-256,-425,-93,352,1050,1050,1125,1225,1,0,0,0,0,4
22820,-243,-437,-100,352,1050,1050,1125,1225,1,0,0,0,0,4
22840,-231,-443,-93,352,1050,1050,1125,1225,1,0,0,0,0,4
22860,-218,-456,-81,352,1050,1050,1125,1225,1,0,0,0,0,4
22880,-212,-462,-68,352,1050,1050,1125,1225,1,0,0,0,0,4
22900,-200,-468,-62,352,1050,1050,1125,1225,1,0,0,0,0,4
22920,-193,-475,-68,352,1050,1050,1125,1225,1,0,0,0,0,4
22940,-187,-475,-75,352,1050,1050,1125,1225,1,0,0,0,0,4
22960,-181,-475,-81,352,1050,1050,1125,1225,1,0,0,0,0,4
22980,-175,-468,-81,352,1050,1050,1125,1225,1,0,0,0,0,4
23000,-168,-468,-81,352,1050,1050,1125,1225,1,0,0,0,0,4
23020,-168,-462,-75,352,1050,1050,1125,1225,1,0,0,0,0,4
23040,-162,-456,-68,352,1050,1050,1125,1225,1,0,0,0,0,4
23060,-162,-450,-56,352,1050,1050,1125,1225,1,0,0,0,0,4
23080,-156,-437,-50,352,1050,1050,1125,1225,1,0,0,0,0,4
23100,-156,-431,-50,352,1050,1050,1125,1225,1,0,0,0,0,4
23120,-156,-418,-56,352,1050,1050,1125,1225,1,0,0,0,0,4
23140,-150,-400,-62,352,1050,1050,1125,1225,1,0,0,0,0,4
23160,-150,-387,-68,352,1050,1050,1125,1225,1,0,0,0,0,4
23180,-156,-375,-75,352,1050,1050,1125,1225,1,0,0,0,0,4
23200,-162,-362,-75,352,1050,1050,1125,1225,1,0,0,0,0,4
23220,-168,-350,-75,352,1050,1050,1125,1225,1,0,0,0,0,4
23240,-175,-337,-62,352,1050,1050,1125,1175,1,0,0,0,0,4
23260,-187,-325,-50,352,1050,1050,1125,1175,1,0,0,0,0,4
23280,-193,-312,-37,352,1050,1050,1125,1175,1,0,0,0,0,4
23300,-200,-306,-18,352,1050,1050,1125,1175,1,0,0,0,0,4
23320,-206,-293,-12,352,1050,1050,1125,1175,1,0,0,0,0,4
23340,-212,-287,-6,352,1050,1050,1125,1175,1,0,0,0,0,4
23360,-212,-275,-18,352,1050,1050,1125,1175,1,0,0,0,0,4
23380,-212,-262,-31,352,1050,1050,1125,1175,1,0,0,0,0,4
23400,-206,-250,-37,352,1050,1050,1125,1175,1,0,0,0,0,4
23420,-200,-237,-43,352,1050,1050,1125,1175,1,0,0,0,0,4
23440,-200,-225,-37,352,1050,1050,1125,1175,1,0,0,0,0,4
23460,-193,-218,-25,352,1050,1050,1125,1175,1,0,0,0,0,4
23480,-187,-212,0,352,1050,1050,1125,1175,1,0,0,0,0,4
23500,-181,-200,12,352,1050,1050,1125,1175,1,0,0,0,0,4
23520,-175,-187,18,352,1050,1050,1125,1175,1,0,0,0,0,4
23540,-162,-181,12,352,1050,1050,1125,1175,1,0,0,0,0,4
23560,-156,-168,0,352,1050,1050,1125,1175,1,0,0,0,0,4
23580,-150,-162,-6,352,1050,1050,1125,1175,1,0,0,0,0,4
23600,-137,-162,-12,352,1050,1050,1125,1175,1,0,0,0,0,4
23620,-131,-156,-6,352,1050,1050,1125,1175,1,0,0,0,0,4
23640,-131,-150,0,352,1050,1050,1125,1175,1,0,0,0,0,4
23660,-125,-150,12,352,1050,1050,1125,1175,1,0,0,0,0,4
23680,-118,-150,18,352,1050,1050,1125,1175,1,0,0,0,0,4
23700,-118,-143,18,352,1050,1050,1125,1175,1,0,0,0,0,4
23720,-118,-143,12,352,1050,1050,1125,1175,1,0,0,0,0,4
23740,-118,-143,6,352,1050,1050,1125,1025,1,0,0,0,0,4
23760,-125,-150,6,352,1050,1050,1125,1025,1,0,0,0,0,4
23780,-131,-150,6,352,1050,1050,1125,1025,1,0,0,0,0,4
23800,-137,-156,0,352,1050,1050,1125,1025,1,0,0,0,0,4
23820,-150,-162,0,352,1050,1050,1125,1025,1,0,0,0,0,4
23840,-162,-175,0,352,1050,1050,1125,1025,1,0,0,0,0,4
23860,-175,-181,0,352,1050,1050,1125,1025,1,0,0,0,0,4
23880,-193,-187,-6,352,1050,1050,1125,1025,1,0,0,0,0,4
23900,-206,-200,-12,352,1050,1050,1125,1025,1,0,0,0,0,4
23920,-225,-206,-18,352,1050,1050,1125,1025,1,0,0,0,0,4
23940,-237,-218,-31,352,1050,1050,1125,1025,1,0,0,0,0,4
23960,-256,-225,-37,352,1050,1050,1125,1025,1,0,0,0,0,4
23980,-275,-231,-43,352,1050,1050,1125,1025,1,0,0,0,0,4
24000,-293,-237,-43,352,1050,1050,1125,1025,1,0,0,0,0,4
24020,-312,-250,-50,352,1050,1050,1125,1025,1,0,0,0,0,4
24040,-331,-256,-56,352,1050,1050,1125,1025,1,0,0,0,0,4
24060,-343,-256,-56,352,1050,1050,1125,1025,1,0,0,0,0,4
24080,-362,-262,-62,352,1050,1050,1125,1025,1,0,0,0,0,4
24100,-381,-262,-68,352,1050,1050,1125,1025,1,0,0,0,0,4
24120,-393,-262,-68,352,1050,1050,1125,1025,1,0,0,0,0,4
24140,-406,-262,-75,352,1050,1050,1125,1025,1,0,0,0,0,4
24160,-418,-256,-81,352,1050,1050,1125,1025,1,0,0,0,0,4
24180,-431,-256,-81,352,1050,1050,1125,1025,1,0,0,0,0,4
24200,-443,-243,-87,352,1050,1050,1125,1025,1,0,0,0,0,4
24220,-450,-237,-87,352,1050,1050,1125,1025,1,0,0,0,0,4
24240,-462,-231,-87,352,1050,1050,1125,1025,1,0,0,0,0,4
24260,-475,-218,-81,352,1050,1050,1125,1025,1,0,0,0,0,4
24280,-475,-206,-68,352,1050,1050,1125,1025,1,0,0,0,0,4
24300,-481,-187,-62,352,1050,1050,1125,1025,1,0,0,0,0,4
24320,-487,-175,-62,352,1050,1050,1125,1025,1,0,0,0,0,4
24340,-487,-156,-68,352,1050,1050,1125,1025,1,0,0,0,0,4
24360,-481,-137,-75,352,1050,1050,1125,1025,1,0,0,0,0,4
24380,-481,-125,-75,352,1050,1050,1125,1025,1,0,0,0,0,4
24400,-475,-106,-62,352,1050,1050,1125,1025,1,0,0,0,0,4
24420,-468,-93,-43,352,1050,1050,1125,1025,1,0,0,0,0,4
24440,-462,-75,-25,352,1050,1050,1125,1025,1,0,0,0,0,4
24460,-456,-56,-6,352,1050,1050,1125,1025,1,0,0,0,0,4
24480,-443,-37,0,352,1050,1050,1125,1025,1,0,0,0,0,4
24500,-431,-25,0,352,1050,1050,1125,1025,1,0,0,0,0,4
24520,-412,-12,-12,352,1050,1050,1125,1025,1,0,0,0,0,4
24540,-400,6,-12,352,1050,1050,1125,1025,1,0,0,0,0,4
24560,-387,18,-12,352,1050,1050,1125,1025,1,0,0,0,0,4
24580,-375,31,-12,352,1050,1050,1125,1025,1,0,0,0,0,4
24600,-362,37,0,352,1050,1050,1125,1025,1,0,0,0,0,4
24620,-356,43,6,352,1050,1050,1125,1025,1,0,0,0,0,4
24640,-350,50,6,352,1050,1050,1125,1025,1,0,0,0,0,4
24660,-343,56,6,352,1050,1050,1125,1025,1,0,0,0,0,4
24680,-343,56,0,352,1050,1050,1125,1025,1,0,0,0,0,4
24700,-343,56,6,352,1050,1050,1125,1025,1,0,0,0,0,4
24720,-350,50,18,352,1050,1050,1125,1025,1,0,0,0,0,4
24740,-350,43,25,352,1050,1050,1125,1025,1,0,0,0,0,4
24760,-356,37,25,352,1050,1050,1125,1075,1,0,0,0,0,4
24780,-362,25,18,352,1050,1050,1125,1075,1,0,0,0,0,4
24800,-368,18,12,352,1050,1050,1125,1075,1,0,0,0,0,4
24820,-381,6,0,352,1050,1050,1125,1075,1,0,0,0,0,4
24840,-387,-12,-12,352,1050,1050,1125,1075,1,0,0,0,0,4
24860,-393,-25,-12,352,1050,1050,1125,1075,1,0,0,0,0,4
24880,-406,-43,-18,352,1050,1050,1125,1075,1,0,0,0,0,4
24900,-412,-50,-25,352,1050,1050,1125,1075,1,0,0,0,0,4
24920,-418,-68,-31,352,1050,1050,1125,1075,1,0,0,0,0,4
24940,-425,-93,-37,352,1050,1050,1125,1075,1,0,0,0,0,4
24960,-431,-112,-50,352,1050,1050,1125,1075,1,0,0,0,0,4
24980,-431,-131,-50,352,1050,1050,1125,1075,1,0,0,0,0,4
25000,-431,-156,-50,352,1050,1050,1125,1075,1,0,0,0,0,4
25020,-431,-175,-50,352,1050,1050,1125,1075,1,0,0,0,0,4
25040,-431,-200,-50,352,1050,1050,1125,1075,1,0,0,0,0,4
25060,-425,-225,-62,352,1050,1050,1125,1075,1,0,0,0,0,4
25080,-418,-243,-75,352,1050,1050,1125,1075,1,0,0,0,0,4
25100,-412,-262,-87,352,1050,1050,1125,1075,1,0,0,0,0,4
25120,-406,-287,-100,352,1050,1050,1125,1075,1,0,0,0,0,4
25140,-400,-312,-106,352,1050,1050,1125,1075,1,0,0,0,0,4
25160,-393,-331,-131,352,1050,1050,1125,1075,1,0,0,0,0,4
25180,-387,-356,-137,352,1050,1050,1125,1075,1,0,0,0,0,4
25200,-381,-375,-125,352,1050,1050,1125,1075,1,0,0,0,0,4
25220,-381,-393,-100,352,1050,1050,1125,1075,1,0,0,0,0,4
25240,-375,-412,-75,352,1050,1050,1125,1075,1,0,0,0,0,4
25260,-375,-425,-62,352,1050,1050,1125,1125,1,0,0,0,0,4
25280,-368,-443,-68,352,1050,1050,1125,1125,1,0,0,0,0,4
25300,-362,-450,-87,352,1050,1050,1125,1125,1,0,0,0,0,4
25320,-356,-462,-112,352,1050,1050,1125,1125,1,0,0,0,0,4
25340,-343,-468,-131,352,1050,1050,1125,1125,1,0,0,0,0,4
25360,-337,-468,-143,352,1050,1050,1125,1125,1,0,0,0,0,4
25380,-331,-475,-137,352,1050,1050,1125,1125,1,0,0,0,0,4
25400,-325,-481,-118,352,1050,1050,1125,1125,1,0,0,0,0,4
25420,-312,-481,-100,352,1050,1050,1125,1125,1,0,0,0,0,4
25440,-306,-481,-87,352,1050,1050,1125,1125,1,0,0,0,0,4
25460,-300,-481,-93,352,1050,1050,1125,1125,1,0,0,0,0,4
25480,-287,-475,-106,352,1050,1050,1125,1125,1,0,0,0,0,4
25500,-281,-468,-118,352,1050,1050,1125,1125,1,0,0,0,0,4
25520,-275,-462,-112,352,1050,1050,1125,1125,1,0,0,0,0,4
25540,-268,-450,-100,352,1050,1050,1125,1125,1,0,0,0,0,4
25560,-262,-437,-75,352,1050,1050,1125,1125,1,0,0,0,0,4
25580,-256,-425,-56,352,1050,1050,1125,1125,1,0,0,0,0,4
25600,-250,-412,-43,352,1050,1050,1125,1125,1,0,0,0,0,4
25620,-243,-393,-43,352,1050,1050,1125,1125,1,0,0,0,0,4
25640,-231,-381,-50,352,1050,1050,1125,1125,1,0,0,0,0,4
25660,-225,-362,-56,352,1050,1050,1125,1125,1,0,0,0,0,4
25680,-218,-350,-62,352,1050,1050,1125,1125,1,0,0,0,0,4
25700,-212,-331,-62,352,1050,1050,1125,1125,1,0,0,0,0,4
25720,-212,-312,-50,352,1050,1050,1125,1125,1,0,0,0,0,4
25740,-212,-293,-31,352,1050,1050,1125,1125,1,0,0,0,0,4
25760,-218,-275,-18,352,1050,1050,1125,1175,1,0,0,0,0,4
25780,-225,-256,-12,352,1050,1050,1125,1175,1,0,0,0,0,4
25800,-231,-237,-18,352,1050,1050,1125,1175,1,0,0,0,0,4
25820,-237,-218,-31,352,1050,1050,1125,1175,1,0,0,0,0,4
25840,-250,-206,-37,352,1050,1050,1125,1175,1,0,0,0,0,4
25860,-262,-187,-37,352,1050,1050,1125,1175,1,0,0,0,0,4
25880,-268,-175,-25,352,1050,1050,1125,1175,1,0,0,0,0,4
25900,-287,-156,-12,352,1050,1050,1125,1175,1,0,0,0,0,4
25920,-300,-143,0,352,1050,1050,1125,1175,1,0,0,0,0,4
25940,-312,-131,6,352,1050,1050,1125,1175,1,0,0,0,0,4
25960,-318,-125,0,352,1050,1050,1125,1175,1,0,0,0,0,4
25980,-337,-112,-6,352,1050,1050,1125,1175,1,0,0,0,0,4
26000,-343,-106,-18,352,1050,1050,1125,1175,1,0,0,0,0,4
26020,-356,-100,-25,352,1050,1050,1125,1175,1,0,0,0,0,4
26040,-362,-93,-25,352,1050,1050,1125,1175,1,0,0,0,0,4
26060,-368,-93,-18,352,1050,1050,1125,1175,1,0,0,0,0,4
26080,-375,-93,-12,352,1050,1050,1125,1175,1,0,0,0,0,4
26100,-381,-87,-6,352,1050,1050,1125,1175,1,0,0,0,0,4
26120,-381,-87,-6,352,1050,1050,1125,1175,1,0,0,0,0,4
26140,-381,-93,-12,352,1050,1050,1125,1175,1,0,0,0,0,4
26160,-381,-93,-18,352,1050,1050,1125,1175,1,0,0,0,0,4
26180,-381,-100,-43,352,1050,1050,1125,1175,1,0,0,0,0,4
26200,-375,-106,-50,352,1050,1050,1125,1175,1,0,0,0,0,4
26220,-375,-112,-43,352,1050,1050,1125,1175,1,0,0,0,0,4
26240,-368,-125,-25,352,1050,1050,1125,1175,1,0,0,0,0,4
26260,-368,-131,-12,352,1050,1050,1125,1225,1,0,0,0,0,4
26280,-368,-137,0,352,1050,1050,1125,1225,1,0,0,0,0,4
26300,-362,-150,6,352,1050,1050,1125,1225,1,0,0,0,0,4
26320,-356,-162,-6,352,1050,1050,1125,1225,1,0,0,0,0,4
26340,-350,-175,-25,352,1050,1050,1125,1225,1,0,0,0,0,4
26360,-343,-187,-37,352,1050,1050,1125,1225,1,0,0,0,0,4
26380,-337,-200,-50,352,1050,1050,1125,1225,1,0,0,0,0,4
26400,-331,-218,-50,352,1050,1050,1125,1225,1,0,0,0,0,4
26420,-325,-237,-43,352,1050,1050,1125,1225,1,0,0,0,0,4
26440,-318,-250,-37,352,1050,1050,1125,1225,1,0,0,0,0,4
26460,-312,-268,-31,352,1050,1050,1125,1225,1,0,0,0,0,4
26480,-306,-287,-37,352,1050,1050,1125,1225,1,0,0,0,0,4
26500,-300,-306,-50,352,1050,1050,1125,1225,1,0,0,0,0,4
26520,-287,-318,-62,352,1050,1050,1125,1225,1,0,0,0,0,4
26540,-281,-337,-68,352,1050,1050,1125,1225,1,0,0,0,0,4
26560,-275,-356,-62,352,1050,1050,1125,1225,1,0,0,0,0,4
26580,-262,-368,-56,352,1050,1050,1125,1225,1,0,0,0,0,4
26600,-256,-381,-50,352,1050,1050,1125,1225,1,0,0,0,0,4
26620,-243,-400,-43,352,1050,1050,1125,1225,1,0,0,0,0,4
26640,-231,-412,-50,352,1050,1050,1125,1225,1,0,0,0,0,4
26660,-218,-425,-56,352,1050,1050,1125,1225,1,0,0,0,0,4
26680,-206,-431,-75,352,1050,1050,1125,1225,1,0,0,0,0,4
26700,-187,-443,-81,352,1050,1050,1125,1225,1,0,0,0,0,4
26720,-175,-456,-75,352,1050,1050,1125,1225,1,0,0,0,0,4
26740,-156,-462,-62,352,1050,1050,1125,1225,1,0,0,0,0,4
26760,-143,-468,-50,352,1050,1050,1125,1225,1,0,0,0,0,4
26780,-125,-475,-37,352,1050,1050,1125,1225,1,0,0,0,0,4
26800,-112,-475,-25,352,1050,1050,1125,1225,1,0,0,0,0,4
26820,-93,-475,-25,352,1050,1050,1125,1225,1,0,0,0,0,4
26840,-75,-475,-31,352,1050,1050,1125,1225,1,0,0,0,0,4
26860,-62,-468,-37,352,1050,1050,1125,1225,1,0,0,0,0,4
26880,-50,-462,-37,352,1050,1050,1125,1225,1,0,0,0,0,4
26900,-37,-456,-37,352,1050,1050,1125,1225,1,0,0,0,0,4
26920,-25,-450,-25,352,1050,1050,1125,1225,1,0,0,0,0,4
26940,-18,-437,-12,352,1050,1050,1125,1225,1,0,0,0,0,4
26960,-6,-425,-6,352,1050,1050,1125,1225,1,0,0,0,0,4
26980,-6,-412,-6,352,1050,1050,1125,1225,1,0,0,0,0,4
27000,0,-400,-6,352,1050,1050,1125,1225,1,0,0,0,0,4
27020,-6,-387,-12,352,1050,1050,1125,1225,1,0,0,0,0,4
27040,-6,-368,-6,352,1050,1050,1125,1225,1,0,0,0,0,4
27060,-12,-356,0,352,1050,1050,1125,1225,1,0,0,0,0,4
27080,-25,-343,6,352,1050,1050,1125,1225,1,0,0,0,0,4
27100,-31,-331,12,352,1050,1050,1125,1225,1,0,0,0,0,4
27120,-50,-318,18,352,1050,1050,1125,1225,1,0,0,0,0,4
27140,-62,-300,12,352,1050,1050,1125,1225,1,0,0,0,0,4
27160,-75,-287,12,352,1050,1050,1125,1225,1,0,0,0,0,4
27180,-93,-275,0,352,1050,1050,1125,1225,1,0,0,0,0,4
27200,-118,-256,-6,352,1050,1050,1125,1225,1,0,0,0,0,4
27220,-143,-250,-6,352,1050,1050,1125,1225,1,0,0,0,0,4
27240,-175,-231,-6,352,1050,1050,1125,1225,1,0,0,0,0,4
27260,-200,-218,-12,352,1050,1050,1125,1225,1,0,0,0,0,4
27280,-225,-212,-12,352,1050,1050,1125,1125,1,0,0,0,0,4
27300,-256,-200,-12,352,1050,1050,1125,1125,1,0,0,0,0,4
27320,-287,-187,-12,352,1050,1050,1125,1125,1,0,0,0,0,4
27340,-318,-181,-18,352,1050,1050,1125,1125,1,0,0,0,0,4
27360,-343,-168,-25,352,1050,1050,1125,1125,1,0,0,0,0,4
27380,-368,-162,-31,352,1050,1050,1125,1125,1,0,0,0,0,4
27400,-393,-150,-31,352,1050,1050,1125,1125,1,0,0,0,0,4
27420,-412,-143,-37,352,1050,1050,1125,1125,1,0,0,0,0,4
27440,-431,-137,-37,352,1050,1050,1125,1125,1,0,0,0,0,4
27460,-443,-131,-43,352,1050,1050,1125,1125,1,0,0,0,0,4
27480,-462,-125,-37,352,1050,1050,1125,1125,1,0,0,0,0,4
27500,-475,-125,-37,352,1050,1050,1125,1125,1,0,0,0,0,4
27520,-481,-125,-37,352,1050,1050,1125,1125,1,0,0,0,0,4
27540,-493,-118,-37,352,1050,1050,1125,1125,1,0,0,0,0,4
27560,-493,-118,-43,352,1050,1050,1125,1125,1,0,0,0,0,4
27580,-500,-118,-50,352,1050,1050,1125,1125,1,0,0,0,0,4
27600,-500,-118,-56,352,1050,1050,1125,1125,1,0,0,0,0,4
27620,-500,-125,-50,352,1050,1050,1125,1125,1,0,0,0,0,4
27640,-500,-125,-43,352,1050,1050,1125,1125,1,0,0,0,0,4
27660,-493,-131,-37,352,1050,1050,1125,1125,1,0,0,0,0,4
27680,-481,-137,-31,352,1050,1050,1125,1125,1,0,0,0,0,4
27700,-468,-143,-31,352,1050,1050,1125,1125,1,0,0,0,0,4
27720,-456,-150,-37,352,1050,1050,1125,1125,1,0,0,0,0,4
27740,-437,-156,-43,352,1050,1050,1125,1125,1,0,0,0,0,4
27760,-418,-162,-43,352,1050,1050,1125,1125,1,0,0,0,0,4
27780,-400,-175,-43,352,1050,1050,1125,1025,1,0,0,0,0,4
27800,-375,-181,-37,352,1050,1050,1125,1025,1,0,0,0,0,4
27820,-356,-193,-31,352,1050,1050,1125,1025,1,0,0,0,0,4
27840,-331,-200,-25,352,1050,1050,1125,1025,1,0,0,0,0,4
27860,-312,-206,-18,352,1050,1050,1125,1025,1,0,0,0,0,4
27880,-287,-212,-25,352,1050,1050,1125,1025,1,0,0,0,0,4
27900,-268,-225,-31,352,1050,1050,1125,1025,1,0,0,0,0,4
27920,-243,-225,-43,352,1050,1050,1125,1025,1,0,0,0,0,4
27940,-225,-231,-43,352,1050,1050,1125,1025,1,0,0,0,0,4
27960,-212,-237,-31,352,1050,1050,1125,1025,1,0,0,0,0,4
27980,-193,-243,-18,352,1050,1050,1125,1025,1,0,0,0,0,4
28000,-187,-243,-6,352,1050,1050,1125,1025,1,0,0,0,0,4
28020,-175,-250,6,352,1050,1050,1125,1025,1,0,0,0,0,4
28040,-168,-250,6,352,1050,1050,1125,1025,1,0,0,0,0,4
28060,-162,-250,-6,352,1050,1050,1125,1025,1,0,0,0,0,4
28080,-162,-250,-18,352,1050,1050,1125,1025,1,0,0,0,0,4
28100,-162,-243,-31,352,1050,1050,1125,1025,1,0,0,0,0,4
28120,-162,-243,-37,352,1050,1050,1125,1025,1,0,0,0,0,4
28140,-168,-237,-31,352,1050,1050,1125,1025,1,0,0,0,0,4
28160,-175,-237,-18,352,1050,1050,1125,1025,1,0,0,0,0,4
28180,-187,-231,0,352,1050,1050,1125,1025,1,0,0,0,0,4
28200,-200,-225,6,352,1050,1050,1125,1025,1,0,0,0,0,4
28220,-212,-218,6,352,1050,1050,1125,1025,1,0,0,0,0,4
28240,-225,-212,-6,352,1050,1050,1125,1025,1,0,0,0,0,4
28260,-237,-206,-18,352,1050,1050,1125,1025,1,0,0,0,0,4
28280,-250,-193,-25,352,1050,1050,1125,1225,1,0,0,0,0,4
28300,-262,-187,-31,352,1050,1050,1125,1225,1,0,0,0,0,4
28320,-268,-181,-25,352,1050,1050,1125,1225,1,0,0,0,0,4
28340,-281,-175,-18,352,1050,1050,1125,1225,1,0,0,0,0,4
28360,-293,-168,-6,352,1050,1050,1125,1225,1,0,0,0,0,4
28380,-300,-162,0,352,1050,1050,1125,1225,1,0,0,0,0,4
28400,-306,-156,0,352,1050,1050,1125,1225,1,0,0,0,0,4
28420,-306,-150,-6,352,1050,1050,1125,1225,1,0,0,0,0,4
28440,-306,-143,-12,352,1050,1050,1125,1225,1,0,0,0,0,4
28460,-312,-143,-18,352,1050,1050,1125,1225,1,0,0,0,0,4
28480,-312,-143,-18,352,1050,1050,1125,1225,1,0,0,0,0,4
28500,-312,-150,-18,352,1050,1050,1125,1225,1,0,0,0,0,4
28520,-312,-150,-12,352,1050,1050,1125,1225,1,0,0,0,0,4
28540,-318,-156,-6,352,1050,1050,1125,1225,1,0,0,0,0,4
28560,-318,-162,0,352,1050,1050,1125,1225,1,0,0,0,0,4
28580,-318,-162,-6,352,1050,1050,1125,1225,1,0,0,0,0,4
28600,-318,-175,-18,352,1050,1050,1125,1225,1,0,0,0,0,4
28620,-318,-181,-31,352,1050,1050,1125,1225,1,0,0,0,0,4
28640,-318,-193,-43,352,1050,1050,1125,1225,1,0,0,0,0,4
28660,-318,-206,-56,352,1050,1050,1125,1225,1,0,0,0,0,4
28680,-325,-225,-62,352,1050,1050,1125,1225,1,0,0,0,0,4
28700,-325,-237,-62,352,1050,1050,1125,1225,1,0,0,0,0,4
28720,-331,-256,-62,352,1050,1050,1125,1225,1,0,0,0,0,4
28740,-337,-281,-56,352,1050,1050,1125,1225,1,0,0,0,0,4
28760,-337,-300,-43,352,1050,1050,1125,1225,1,0,0,0,0,4
28780,-343,-318,-31,352,1050,1050,1125,1025,1,0,0,0,0,4
28800,-350,-337,-37,352,1050,1050,1125,1025,1,0,0,0,0,4
28820,-350,-356,-43,352,1050,1050,1125,1025,1,0,0,0,0,4
28840,-350,-375,-62,352,1050,1050,1125,1025,1,0,0,0,0,4
28860,-350,-387,-87,352,1050,1050,1125,1025,1,0,0,0,0,4
28880,-350,-400,-100,352,1050,1050,1125,1025,1,0,0,0,0,4
28900,-350,-412,-106,352,1050,1050,1125,1025,1,0,0,0,0,4
28920,-343,-425,-106,352,1050,1050,1125,1025,1,0,0,0,0,4
28940,-337,-437,-93,352,1050,1050,1125,1025,1,0,0,0,0,4
28960,-331,-443,-81,352,1050,1050,1125,1025,1,0,0,0,0,4
28980,-325,-443,-75,352,1050,1050,1125,1025,1,0,0,0,0,4
29000,-306,-450,-62,352,1050,1050,1125,1025,1,0,0,0,0,4
29020,-300,-450,-68,352,1050,1050,1125,1025,1,0,0,0,0,4
29040,-287,-450,-75,352,1050,1050,1125,1025,1,0,0,0,0,4
29060,-268,-443,-81,352,1050,1050,1125,1025,1,0,0,0,0,4
29080,-250,-437,-87,352,1050,1050,1125,1025,1,0,0,0,0,4
29100,-237,-431,-81,352,1050,1050,1125,1025,1,0,0,0,0,4
29120,-218,-418,-62,352,1050,1050,1125,1025,1,0,0,0,0,4
29140,-200,-406,-43,352,1050,1050,1125,1025,1,0,0,0,0,4
29160,-187,-393,-25,352,1050,1050,1125,1025,1,0,0,0,0,4
29180,-175,-375,-18,352,1050,1050,1125,1025,1,0,0,0,0,4
29200,-162,-356,-18,352,1050,1050,1125,1025,1,0,0,0,0,4
29220,-143,-337,-18,352,1050,1050,1125,1025,1,0,0,0,0,4
29240,-137,-318,-25,352,1050,1050,1125,1025,1,0,0,0,0,4
29260,-125,-293,-18,352,1050,1050,1125,1025,1,0,0,0,0,4
29280,-112,-275,-12,352,1050,1050,1125,1075,1,0,0,0,0,4
29300,-106,-250,-6,352,1050,1050,1125,1075,1,0,0,0,0,4
29320,-106,-231,0,352,1050,1050,1125,1075,1,0,0,0,0,4
29340,-106,-212,6,352,1050,1050,1125,1075,1,0,0,0,0,4
29360,-106,-193,12,352,1050,1050,1125,1075,1,0,0,0,0,4
29380,-112,-175,12,352,1050,1050,1125,1075,1,0,0,0,0,4
29400,-118,-156,18,352,1050,1050,1125,1075,1,0,0,0,0,4
29420,-131,-137,25,352,1050,1050,1125,1075,1,0,0,0,0,4
29440,-143,-125,31,352,1050,1050,1125,1075,1,0,0,0,0,4
29460,-156,-112,25,352,1050,1050,1125,1075,1,0,0,0,0,4
29480,-175,-100,25,352,1050,1050,1125,1075,1,0,0,0,0,4
29500,-193,-87,18,352,1050,1050,1125,1075,1,0,0,0,0,4
29520,-212,-81,12,352,1050,1050,1125,1075,1,0,0,0,0,4
29540,-231,-68,6,352,1050,1050,1125,1075,1,0,0,0,0,4
29560,-256,-62,6,352,1050,1050,1125,1075,1,0,0,0,0,4
29580,-281,-62,12,352,1050,1050,1125,1075,1,0,0,0,0,4
29600,-306,-56,18,352,1050,1050,1125,1075,1,0,0,0,0,4
29620,-337,-56,18,352,1050,1050,1125,1075,1,0,0,0,0,4
29640,-362,-56,18,352,1050,1050,1125,1075,1,0,0,0,0,4
29660,-381,-56,6,352,1050,1050,1125,1075,1,0,0,0,0,4
29680,-412,-62,-6,352,1050,1050,1125,1075,1,0,0,0,0,4
29700,-431,-62,-18,352,1050,1050,1125,1075,1,0,0,0,0,4
29720,-456,-68,-25,352,1050,1050,1125,1075,1,0,0,0,0,4
29740,-475,-81,-31,352,1050,1050,1125,1075,1,0,0,0,0,4
29760,-493,-87,-31,352,1050,1050,1125,1075,1,0,0,0,0,4
29780,-512,-100,-31,352,1050,1050,1125,1075,1,0,0,0,0,4
29800,-525,-106,-31,352,1050,1050,1125,1225,1,0,0,0,0,4
29820,-537,-118,-31,352,1050,1050,1125,1225,1,0,0,0,0,4
29840,-543,-131,-37,352,1050,1050,1125,1225,1,0,0,0,0,4
29860,-550,-143,-50,352,1050,1050,1125,1225,1,0,0,0,0,4
29880,-550,-156,-68,352,1050,1050,1125,1225,1,0,0,0,0,4
29900,-550,-168,-81,352,1050,1050,1125,1225,1,0,0,0,0,4
29920,-550,-181,-93,352,1050,1050,1125,1225,1,0,0,0,0,4
29940,-543,-200,-100,352,1050,1050,1125,1225,1,0,0,0,0,4
29960,-531,-212,-93,352,1050,1050,1125,1225,1,0,0,0,0,4
29980,-525,-237,-87,352,1050,1050,1125,1225,1,0,0,0,0,4
30000,-512,-256,-81,352,1050,1050,1125,1225,1,0,0,0,0,4
30020,-500,-268,-75,352,1050,1050,1125,1225,1,0,0,0,0,4
30040,-487,-293,-75,352,1050,1050,1125,1225,1,0,0,0,0,4
30060,-475,-312,-75,352,1050,1050,1125,1225,1,0,0,0,0,4
30080,-456,-325,-75,352,1050,1050,1125,1225,1,0,0,0,0,4
30100,-437,-350,-75,352,1050,1050,1125,1225,1,0,0,0,0,4
30120,-418,-362,-75,352,1050,1050,1125,1225,1,0,0,0,0,4
30140,-393,-381,-75,352,1050,1050,1125,1225,1,0,0,0,0,4
30160,-368,-393,-75,352,1050,1050,1125,1225,1,0,0,0,0,4
30180,-350,-412,-75,352,1050,1050,1125,1225,1,0,0,0,0,4
30200,-325,-425,-75,352,1050,1050,1125,1225,1,0,0,0,0,4
30220,-300,-437,-75,352,1050,1050,1125,1225,1,0,0,0,0,4
30240,-275,-450,-75,352,1050,1050,1125,1225,1,0,0,0,0,4
30260,-250,-462,-75,352,1050,1050,1125,1225,1,0,0,0,0,4
30280,-231,-475,-68,352,700,700,1125,1125,1,0,0,0,0,4
30300,-206,-487,-56,352,700,700,1125,1125,1,0,0,0,0,4
30320,-181,-493,-56,352,700,700,1125,1125,1,0,0,0,0,4
30340,-175,-500,-56,352,700,700,1125,1125,1,0,0,0,0,4
30360,-143,-506,-62,352,700,700,1125,1125,0,0,0,0,0,4
30380,-131,-512,-68,352,700,700,1125,1125,0,0,0,0,0,4
30400,-112,-512,-68,352,700,700,1125,1125,0,0,0,0,0,4
30420,-106,-512,-68,352,700,700,1125,1125,0,0,0,0,0,4
30440,-100,-512,-62,352,700,700,1125,1125,0,0,0,0,0,4
30460,-93,-506,-50,352,700,700,1125,1125,0,0,0,0,0,4
30480,-93,-500,-43,352,700,700,1125,1125,0,0,0,0,0,4
